Workbook

Sheet Estimation
A1: FORGES | B1: 1 | E1: TAX | F1: 0.01
A2: ALL | B2: CN? | E2: CrystalCost | F2: AMTBase | G2: npcSell | H2: buyPrice | I2: sellPrice | J2: costInstaBuy | K2: costBuyOrder | L2: △Cost | M2: PerfectOffer | N2: PerfectSell | O2: MAXProfit offer/order | P2: InstaBuying ProfitRate | Q2: MAX/Cost | R2: Profit2 Offer/insbuy | S2: Profit3 insell/Order | T2: MINProfit insbuy/insell | U2: STDEVP
A3: FLAWED | B3: 5 | C3: AMBER | D3: ⸕ | E3: 0 | F3: 6400 | G3: 240 | H3: =LOOKUP(2,1/(ResolveSwagger!$A:$A=$A3)/(ResolveSwagger!$C:$C=$C3),(ResolveSwagger!F:F)) -> 424.49989 | I3: =LOOKUP(2,1/(ResolveSwagger!$A:$A=$A3)/(ResolveSwagger!$C:$C=$C3),(ResolveSwagger!G:G)) -> 298.79499 | J3: =H3*5*$B$1*$F3+$E3*$B$1 -> 13583996 | K3: =I3*5*$B$1*$F3+$E3*$B$1 -> 9561439.7 | L3: =J3-K3 -> 4022556.8 | M3: =LOOKUP(2,1/(ResolveSwagger!$A:$A="PERFECT")/(ResolveSwagger!$C:$C=$C3),(ResolveSwagger!F:F))*$B$1 -> 15151235 | N3: =LOOKUP(2,1/(ResolveSwagger!$A:$A="PERFECT")/(ResolveSwagger!$C:$C=$C3),(ResolveSwagger!G:G))*$B$1 -> 14099511 | O3: =M3-K3 -> 5589794.9 | P3: =O3/J3 -> 0.41149855 | Q3: =O3/K3 -> 0.58461854 | R3: =M3-J3 -> 1567238.1 | S3: =N3-K3 -> 4538071 | T3: =N3-J3 -> 515514.2 | U3: =_xlfn.STDEV.P(O3,R3,S3,T3) -> 2078887.1
A4: FLAWED | B4: 5 | C4: TOPAZ | D4: ✧ | E4: 0 | F4: 6400 | G4: 240 | H4: =LOOKUP(2,1/(ResolveSwagger!$A:$A=$A4)/(ResolveSwagger!$C:$C=$C4),(ResolveSwagger!F:F)) -> 804.69976 | I4: =LOOKUP(2,1/(ResolveSwagger!$A:$A=$A4)/(ResolveSwagger!$C:$C=$C4),(ResolveSwagger!G:G)) -> 333.78947 | J4: =H4*5*$B$1*$F4+$E4*$B$1 -> 25750392 | K4: =I4*5*$B$1*$F4+$E4*$B$1 -> 10681263 | L4: =J4-K4 -> 15069129 | M4: =LOOKUP(2,1/(ResolveSwagger!$A:$A="PERFECT")/(ResolveSwagger!$C:$C=$C4),(ResolveSwagger!F:F))*$B$1 -> 16144143 | N4: =LOOKUP(2,1/(ResolveSwagger!$A:$A="PERFECT")/(ResolveSwagger!$C:$C=$C4),(ResolveSwagger!G:G))*$B$1 -> 14458824 | O4: =M4-K4 -> 5462880.1 | P4: =O4/J4 -> 0.21214745 | Q4: =O4/K4 -> 0.51144514 | R4: =M4-J4 -> -9606249.4 | S4: =N4-K4 -> 3777561.2 | T4: =N4-J4 -> -11291568 | U4: =_xlfn.STDEV.P(O4,R4,S4,T4) -> 7581539.5
A5: FINE | B5: 5 | C5: AMBER | D5: ⸕ | E5: 0 | F5: 80 | G5: 19200 | H5: =LOOKUP(2,1/(ResolveSwagger!$A:$A=$A5)/(ResolveSwagger!$C:$C=$C5),(ResolveSwagger!F:F)) -> 29404.37 | I5: =LOOKUP(2,1/(ResolveSwagger!$A:$A=$A5)/(ResolveSwagger!$C:$C=$C5),(ResolveSwagger!G:G)) -> 26446.101 | J5: =H5*5*$B$1*$F5+$E5*$B$1 -> 11761748 | K5: =I5*5*$B$1*$F5+$E5*$B$1 -> 10578441 | L5: =J5-K5 -> 1183307.5 | M5: =LOOKUP(2,1/(ResolveSwagger!$A:$A="PERFECT")/(ResolveSwagger!$C:$C=$C5),(ResolveSwagger!F:F))*$B$1 -> 15151235 | N5: =LOOKUP(2,1/(ResolveSwagger!$A:$A="PERFECT")/(ResolveSwagger!$C:$C=$C5),(ResolveSwagger!G:G))*$B$1 -> 14099511 | O5: =M5-K5 -> 4572794 | P5: =O5/J5 -> 0.38878524 | Q5: =O5/K5 -> 0.43227487 | R5: =M5-J5 -> 3389486.5 | S5: =N5-K5 -> 3521070.1 | T5: =N5-J5 -> 2337762.6 | U5: =_xlfn.STDEV.P(O5,R5,S5,T5) -> 791571.18
A6: FLAWLESS | B6: 5 | C6: TOPAZ | D6: ✧ | E6: 0 | F6: 1 | H6: =LOOKUP(2,1/(ResolveSwagger!$A:$A=$A6)/(ResolveSwagger!$C:$C=$C6),(ResolveSwagger!F:F)) -> 2468588.8 | I6: =LOOKUP(2,1/(ResolveSwagger!$A:$A=$A6)/(ResolveSwagger!$C:$C=$C6),(ResolveSwagger!G:G)) -> 2265555 | J6: =H6*5*$B$1*$F6+$E6*$B$1 -> 12342944 | K6: =I6*5*$B$1*$F6+$E6*$B$1 -> 11327775 | L6: =J6-K6 -> 1015168.9 | M6: =LOOKUP(2,1/(ResolveSwagger!$A:$A="PERFECT")/(ResolveSwagger!$C:$C=$C6),(ResolveSwagger!F:F))*$B$1 -> 16144143 | N6: =LOOKUP(2,1/(ResolveSwagger!$A:$A="PERFECT")/(ResolveSwagger!$C:$C=$C6),(ResolveSwagger!G:G))*$B$1 -> 14458824 | O6: =M6-K6 -> 4816367.9 | P6: =O6/J6 -> 0.39021225 | Q6: =O6/K6 -> 0.42518216 | R6: =M6-J6 -> 3801199 | S6: =N6-K6 -> 3131049 | T6: =N6-J6 -> 2115880.1 | U6: =_xlfn.STDEV.P(O6,R6,S6,T6) -> 983726.03
A7: FINE | B7: 5 | C7: TOPAZ | D7: ✧ | E7: 0 | F7: 80 | G7: 19200 | H7: =LOOKUP(2,1/(ResolveSwagger!$A:$A=$A7)/(ResolveSwagger!$C:$C=$C7),(ResolveSwagger!F:F)) -> 30607.45 | I7: =LOOKUP(2,1/(ResolveSwagger!$A:$A=$A7)/(ResolveSwagger!$C:$C=$C7),(ResolveSwagger!G:G)) -> 29500.069 | J7: =H7*5*$B$1*$F7+$E7*$B$1 -> 12242980 | K7: =I7*5*$B$1*$F7+$E7*$B$1 -> 11800028 | L7: =J7-K7 -> 442952.41 | M7: =LOOKUP(2,1/(ResolveSwagger!$A:$A="PERFECT")/(ResolveSwagger!$C:$C=$C7),(ResolveSwagger!F:F))*$B$1 -> 16144143 | N7: =LOOKUP(2,1/(ResolveSwagger!$A:$A="PERFECT")/(ResolveSwagger!$C:$C=$C7),(ResolveSwagger!G:G))*$B$1 -> 14458824 | O7: =M7-K7 -> 4344115.5 | P7: =O7/J7 -> 0.35482501 | Q7: =O7/K7 -> 0.36814452 | R7: =M7-J7 -> 3901163.1 | S7: =N7-K7 -> 2658796.6 | T7: =N7-J7 -> 2215844.2 | U7: =_xlfn.STDEV.P(O7,R7,S7,T7) -> 871278.74
A8: FLAWLESS | B8: 5 | C8: AMBER | D8: ⸕ | E8: 0 | F8: 1 | H8: =LOOKUP(2,1/(ResolveSwagger!$A:$A=$A8)/(ResolveSwagger!$C:$C=$C8),(ResolveSwagger!F:F)) -> 2331259.5 | I8: =LOOKUP(2,1/(ResolveSwagger!$A:$A=$A8)/(ResolveSwagger!$C:$C=$C8),(ResolveSwagger!G:G)) -> 2220713.2 | J8: =H8*5*$B$1*$F8+$E8*$B$1 -> 11656298 | K8: =I8*5*$B$1*$F8+$E8*$B$1 -> 11103566 | L8: =J8-K8 -> 552731.57 | M8: =LOOKUP(2,1/(ResolveSwagger!$A:$A="PERFECT")/(ResolveSwagger!$C:$C=$C8),(ResolveSwagger!F:F))*$B$1 -> 15151235 | N8: =LOOKUP(2,1/(ResolveSwagger!$A:$A="PERFECT")/(ResolveSwagger!$C:$C=$C8),(ResolveSwagger!G:G))*$B$1 -> 14099511 | O8: =M8-K8 -> 4047668.4 | P8: =O8/J8 -> 0.34725163 | Q8: =O8/K8 -> 0.3645377 | R8: =M8-J8 -> 3494936.9 | S8: =N8-K8 -> 2995944.5 | T8: =N8-J8 -> 2443213 | U8: =_xlfn.STDEV.P(O8,R8,S8,T8) -> 594061.3
A9: FLAWLESS | B9: 3 | C9: SAPPHIRE | D9: ✎ | E9: =VLOOKUP("PRECURSOR_APPARATUS",ResolveSwagger!A:N,14,FALSE) -> 925067.05 | F9: 1 | H9: =LOOKUP(2,1/(ResolveSwagger!$A:$A=$A9)/(ResolveSwagger!$C:$C=$C9),(ResolveSwagger!F:F)) -> 2399993.7 | I9: =LOOKUP(2,1/(ResolveSwagger!$A:$A=$A9)/(ResolveSwagger!$C:$C=$C9),(ResolveSwagger!G:G)) -> 2058311.3 | J9: =H9*5*$B$1*$F9+$E9*$B$1 -> 12925035 | K9: =I9*5*$B$1*$F9+$E9*$B$1 -> 11216624 | L9: =J9-K9 -> 1708411.8 | M9: =LOOKUP(2,1/(ResolveSwagger!$A:$A="PERFECT")/(ResolveSwagger!$C:$C=$C9),(ResolveSwagger!F:F))*$B$1 -> 15657513 | N9: =LOOKUP(2,1/(ResolveSwagger!$A:$A="PERFECT")/(ResolveSwagger!$C:$C=$C9),(ResolveSwagger!G:G))*$B$1 -> 14736247 | O9: =M9-K9 -> 4440889.7 | P9: =O9/J9 -> 0.3435882 | Q9: =O9/K9 -> 0.39592036 | R9: =M9-J9 -> 2732477.8 | S9: =N9-K9 -> 3519623.7 | T9: =N9-J9 -> 1811211.9 | U9: =_xlfn.STDEV.P(O9,R9,S9,T9) -> 970489.83
A10: FLAWED | B10: 3 | C10: SAPPHIRE | D10: ✎ | E10: =VLOOKUP("PRECURSOR_APPARATUS",ResolveSwagger!A:N,14,FALSE) -> 925067.05 | F10: 6400 | G10: 240 | H10: =LOOKUP(2,1/(ResolveSwagger!$A:$A=$A10)/(ResolveSwagger!$C:$C=$C10),(ResolveSwagger!F:F)) -> 409.04908 | I10: =LOOKUP(2,1/(ResolveSwagger!$A:$A=$A10)/(ResolveSwagger!$C:$C=$C10),(ResolveSwagger!G:G)) -> 345.47113 | J10: =H10*5*$B$1*$F10+$E10*$B$1 -> 14014637 | K10: =I10*5*$B$1*$F10+$E10*$B$1 -> 11980143 | L10: =J10-K10 -> 2034494.3 | M10: =LOOKUP(2,1/(ResolveSwagger!$A:$A="PERFECT")/(ResolveSwagger!$C:$C=$C10),(ResolveSwagger!F:F))*$B$1 -> 15657513 | N10: =LOOKUP(2,1/(ResolveSwagger!$A:$A="PERFECT")/(ResolveSwagger!$C:$C=$C10),(ResolveSwagger!G:G))*$B$1 -> 14736247 | O10: =M10-K10 -> 3677370.1 | P10: =O10/J10 -> 0.26239495 | Q10: =O10/K10 -> 0.30695543 | R10: =M10-J10 -> 1642875.8 | S10: =N10-K10 -> 2756104.1 | T10: =N10-J10 -> 721609.84 | U10: =_xlfn.STDEV.P(O10,R10,S10,T10) -> 1116680.1
A11: FINE | B11: 3 | C11: SAPPHIRE | D11: ✎ | E11: =VLOOKUP("PRECURSOR_APPARATUS",ResolveSwagger!A:N,14,FALSE) -> 925067.05 | F11: 80 | G11: 19200 | H11: =LOOKUP(2,1/(ResolveSwagger!$A:$A=$A11)/(ResolveSwagger!$C:$C=$C11),(ResolveSwagger!F:F)) -> 29134.108 | I11: =LOOKUP(2,1/(ResolveSwagger!$A:$A=$A11)/(ResolveSwagger!$C:$C=$C11),(ResolveSwagger!G:G)) -> 27725.148 | J11: =H11*5*$B$1*$F11+$E11*$B$1 -> 12578710 | K11: =I11*5*$B$1*$F11+$E11*$B$1 -> 12015126 | L11: =J11-K11 -> 563583.65 | M11: =LOOKUP(2,1/(ResolveSwagger!$A:$A="PERFECT")/(ResolveSwagger!$C:$C=$C11),(ResolveSwagger!F:F))*$B$1 -> 15657513 | N11: =LOOKUP(2,1/(ResolveSwagger!$A:$A="PERFECT")/(ResolveSwagger!$C:$C=$C11),(ResolveSwagger!G:G))*$B$1 -> 14736247 | O11: =M11-K11 -> 3642386.8 | P11: =O11/J11 -> 0.2895676 | Q11: =O11/K11 -> 0.30315011 | R11: =M11-J11 -> 3078803.2 | S11: =N11-K11 -> 2721120.9 | T11: =N11-J11 -> 2157537.2 | U11: =_xlfn.STDEV.P(O11,R11,S11,T11) -> 539990.16
A12: FLAWLESS | B12: 2 | C12: JADE | D12: ☘ | E12: 0 | F12: 1 | H12: =LOOKUP(2,1/(ResolveSwagger!$A:$A=$A12)/(ResolveSwagger!$C:$C=$C12),(ResolveSwagger!F:F)) -> 2371617.5 | I12: =LOOKUP(2,1/(ResolveSwagger!$A:$A=$A12)/(ResolveSwagger!$C:$C=$C12),(ResolveSwagger!G:G)) -> 1131396.5 | J12: =H12*5*$B$1*$F12+$E12*$B$1 -> 11858087 | K12: =I12*5*$B$1*$F12+$E12*$B$1 -> 5656982.6 | L12: =J12-K12 -> 6201104.7 | M12: =LOOKUP(2,1/(ResolveSwagger!$A:$A="PERFECT")/(ResolveSwagger!$C:$C=$C12),(ResolveSwagger!F:F))*$B$1 -> 14999998 | N12: =LOOKUP(2,1/(ResolveSwagger!$A:$A="PERFECT")/(ResolveSwagger!$C:$C=$C12),(ResolveSwagger!G:G))*$B$1 -> 14022541 | O12: =M12-K12 -> 9343015.6 | P12: =O12/J12 -> 0.78790241 | Q12: =O12/K12 -> 1.6515899 | R12: =M12-J12 -> 3141910.9 | S12: =N12-K12 -> 8365558.3 | T12: =N12-J12 -> 2164453.6 | U12: =_xlfn.STDEV.P(O12,R12,S12,T12) -> 3138834.3
A13: FINE | B13: 2 | C13: JADE | D13: ☘ | E13: 0 | F13: 80 | G13: 19200 | H13: =LOOKUP(2,1/(ResolveSwagger!$A:$A=$A13)/(ResolveSwagger!$C:$C=$C13),(ResolveSwagger!F:F)) -> 29556.482 | I13: =LOOKUP(2,1/(ResolveSwagger!$A:$A=$A13)/(ResolveSwagger!$C:$C=$C13),(ResolveSwagger!G:G)) -> 26248.423 | J13: =H13*5*$B$1*$F13+$E13*$B$1 -> 11822593 | K13: =I13*5*$B$1*$F13+$E13*$B$1 -> 10499369 | L13: =J13-K13 -> 1323223.6 | M13: =LOOKUP(2,1/(ResolveSwagger!$A:$A="PERFECT")/(ResolveSwagger!$C:$C=$C13),(ResolveSwagger!F:F))*$B$1 -> 14999998 | N13: =LOOKUP(2,1/(ResolveSwagger!$A:$A="PERFECT")/(ResolveSwagger!$C:$C=$C13),(ResolveSwagger!G:G))*$B$1 -> 14022541 | O13: =M13-K13 -> 4500629 | P13: =O13/J13 -> 0.38068037 | Q13: =O13/K13 -> 0.42865709 | R13: =M13-J13 -> 3177405.5 | S13: =N13-K13 -> 3523171.7 | T13: =N13-J13 -> 2199948.2 | U13: =_xlfn.STDEV.P(O13,R13,S13,T13) -> 822548.38
A14: FLAWED | B14: 2 | C14: JADE | D14: ☘ | E14: 0 | F14: 6400 | G14: 240 | H14: =LOOKUP(2,1/(ResolveSwagger!$A:$A=$A14)/(ResolveSwagger!$C:$C=$C14),(ResolveSwagger!F:F)) -> 1574.5764 | I14: =LOOKUP(2,1/(ResolveSwagger!$A:$A=$A14)/(ResolveSwagger!$C:$C=$C14),(ResolveSwagger!G:G)) -> 330.51522 | J14: =H14*5*$B$1*$F14+$E14*$B$1 -> 50386444 | K14: =I14*5*$B$1*$F14+$E14*$B$1 -> 10576487 | L14: =J14-K14 -> 39809957 | M14: =LOOKUP(2,1/(ResolveSwagger!$A:$A="PERFECT")/(ResolveSwagger!$C:$C=$C14),(ResolveSwagger!F:F))*$B$1 -> 14999998 | N14: =LOOKUP(2,1/(ResolveSwagger!$A:$A="PERFECT")/(ResolveSwagger!$C:$C=$C14),(ResolveSwagger!G:G))*$B$1 -> 14022541 | O14: =M14-K14 -> 4423511 | P14: =O14/J14 -> 0.08779169 | Q14: =O14/K14 -> 0.4182401 | R14: =M14-J14 -> -35386446 | S14: =N14-K14 -> 3446053.8 | T14: =N14-J14 -> -36363903 | U14: =_xlfn.STDEV.P(O14,R14,S14,T14) -> 19910977
A15: FLAWED | B15: 2 | C15: AMETHYST | D15: ❈ | E15: =VLOOKUP("JUNGLE_KEY",ResolveSwagger!A:N,14,FALSE) -> 237836.86 | F15: 6400 | G15: 240 | H15: =LOOKUP(2,1/(ResolveSwagger!$A:$A=$A15)/(ResolveSwagger!$C:$C=$C15),(ResolveSwagger!F:F)) -> 449.03636 | I15: =LOOKUP(2,1/(ResolveSwagger!$A:$A=$A15)/(ResolveSwagger!$C:$C=$C15),(ResolveSwagger!G:G)) -> 340.40883 | J15: =H15*5*$B$1*$F15+$E15*$B$1 -> 14607000 | K15: =I15*5*$B$1*$F15+$E15*$B$1 -> 11130919 | L15: =J15-K15 -> 3476081.2 | M15: =LOOKUP(2,1/(ResolveSwagger!$A:$A="PERFECT")/(ResolveSwagger!$C:$C=$C15),(ResolveSwagger!F:F))*$B$1 -> 13400290 | N15: =LOOKUP(2,1/(ResolveSwagger!$A:$A="PERFECT")/(ResolveSwagger!$C:$C=$C15),(ResolveSwagger!G:G))*$B$1 -> 12458500 | O15: =M15-K15 -> 2269370.4 | P15: =O15/J15 -> 0.15536183 | Q15: =O15/K15 -> 0.20387987 | R15: =M15-J15 -> -1206710.8 | S15: =N15-K15 -> 1327580.7 | T15: =N15-J15 -> -2148500.5 | U15: =_xlfn.STDEV.P(O15,R15,S15,T15) -> 1800701.8
A16: FLAWLESS | B16: 2 | C16: AMETHYST | D16: ❈ | E16: =VLOOKUP("JUNGLE_KEY",ResolveSwagger!A:N,14,FALSE) -> 237836.86 | F16: 1 | H16: =LOOKUP(2,1/(ResolveSwagger!$A:$A=$A16)/(ResolveSwagger!$C:$C=$C16),(ResolveSwagger!F:F)) -> 2599995.3 | I16: =LOOKUP(2,1/(ResolveSwagger!$A:$A=$A16)/(ResolveSwagger!$C:$C=$C16),(ResolveSwagger!G:G)) -> 2250881.3 | J16: =H16*5*$B$1*$F16+$E16*$B$1 -> 13237813 | K16: =I16*5*$B$1*$F16+$E16*$B$1 -> 11492243 | L16: =J16-K16 -> 1745570.1 | M16: =LOOKUP(2,1/(ResolveSwagger!$A:$A="PERFECT")/(ResolveSwagger!$C:$C=$C16),(ResolveSwagger!F:F))*$B$1 -> 13400290 | N16: =LOOKUP(2,1/(ResolveSwagger!$A:$A="PERFECT")/(ResolveSwagger!$C:$C=$C16),(ResolveSwagger!G:G))*$B$1 -> 12458500 | O16: =M16-K16 -> 1908046.5 | P16: =O16/J16 -> 0.14413608 | Q16: =O16/K16 -> 0.16602908 | R16: =M16-J16 -> 162476.43 | S16: =N16-K16 -> 966256.8 | T16: =N16-J16 -> -779313.29 | U16: =_xlfn.STDEV.P(O16,R16,S16,T16) -> 991713.52
A17: FINE | B17: 2 | C17: AMETHYST | D17: ❈ | E17: =VLOOKUP("JUNGLE_KEY",ResolveSwagger!A:N,14,FALSE) -> 237836.86 | F17: 80 | G17: 19200 | H17: =LOOKUP(2,1/(ResolveSwagger!$A:$A=$A17)/(ResolveSwagger!$C:$C=$C17),(ResolveSwagger!F:F)) -> 31928.499 | I17: =LOOKUP(2,1/(ResolveSwagger!$A:$A=$A17)/(ResolveSwagger!$C:$C=$C17),(ResolveSwagger!G:G)) -> 29753.161 | J17: =H17*5*$B$1*$F17+$E17*$B$1 -> 13009236 | K17: =I17*5*$B$1*$F17+$E17*$B$1 -> 12139101 | L17: =J17-K17 -> 870135.03 | M17: =LOOKUP(2,1/(ResolveSwagger!$A:$A="PERFECT")/(ResolveSwagger!$C:$C=$C17),(ResolveSwagger!F:F))*$B$1 -> 13400290 | N17: =LOOKUP(2,1/(ResolveSwagger!$A:$A="PERFECT")/(ResolveSwagger!$C:$C=$C17),(ResolveSwagger!G:G))*$B$1 -> 12458500 | O17: =M17-K17 -> 1261188.5 | P17: =O17/J17 -> 0.09694562 | Q17: =O17/K17 -> 0.10389472 | R17: =M17-J17 -> 391053.45 | S17: =N17-K17 -> 319398.76 | T17: =N17-J17 -> -550736.27 | U17: =_xlfn.STDEV.P(O17,R17,S17,T17) -> 641112.87
A18: FLAWED | B18: 1 | C18: JASPER | D18: ❁ | E18: 0 | F18: 6400 | G18: 320 | H18: =LOOKUP(2,1/(ResolveSwagger!$A:$A=$A18)/(ResolveSwagger!$C:$C=$C18),(ResolveSwagger!F:F)) -> 1197.1195 | I18: =LOOKUP(2,1/(ResolveSwagger!$A:$A=$A18)/(ResolveSwagger!$C:$C=$C18),(ResolveSwagger!G:G)) -> 652.8263 | J18: =H18*5*$B$1*$F18+$E18*$B$1 -> 38307824 | K18: =I18*5*$B$1*$F18+$E18*$B$1 -> 20890441 | L18: =J18-K18 -> 17417382 | M18: =LOOKUP(2,1/(ResolveSwagger!$A:$A="PERFECT")/(ResolveSwagger!$C:$C=$C18),(ResolveSwagger!F:F))*$B$1 -> 29406831 | N18: =LOOKUP(2,1/(ResolveSwagger!$A:$A="PERFECT")/(ResolveSwagger!$C:$C=$C18),(ResolveSwagger!G:G))*$B$1 -> 28168463 | O18: =M18-K18 -> 8516389.7 | P18: =O18/J18 -> 0.22231463 | Q18: =O18/K18 -> 0.40766921 | R18: =M18-J18 -> -8900992.7 | S18: =N18-K18 -> 7278021.3 | T18: =N18-J18 -> -10139361 | U18: =_xlfn.STDEV.P(O18,R18,S18,T18) -> 8730675.3
A19: FINE | B19: 1 | C19: RUBY | D19: ❤ | E19: 0 | F19: 80 | G19: 19200 | H19: =LOOKUP(2,1/(ResolveSwagger!$A:$A=$A19)/(ResolveSwagger!$C:$C=$C19),(ResolveSwagger!F:F)) -> 25651.275 | I19: =LOOKUP(2,1/(ResolveSwagger!$A:$A=$A19)/(ResolveSwagger!$C:$C=$C19),(ResolveSwagger!G:G)) -> 20886.542 | J19: =H19*5*$B$1*$F19+$E19*$B$1 -> 10260510 | K19: =I19*5*$B$1*$F19+$E19*$B$1 -> 8354616.7 | L19: =J19-K19 -> 1905893.4 | M19: =LOOKUP(2,1/(ResolveSwagger!$A:$A="PERFECT")/(ResolveSwagger!$C:$C=$C19),(ResolveSwagger!F:F))*$B$1 -> 11731608 | N19: =LOOKUP(2,1/(ResolveSwagger!$A:$A="PERFECT")/(ResolveSwagger!$C:$C=$C19),(ResolveSwagger!G:G))*$B$1 -> 9500002.8 | O19: =M19-K19 -> 3376990.9 | P19: =O19/J19 -> 0.32912504 | Q19: =O19/K19 -> 0.40420656 | R19: =M19-J19 -> 1471097.4 | S19: =N19-K19 -> 1145386.1 | T19: =N19-J19 -> -760507.31 | U19: =_xlfn.STDEV.P(O19,R19,S19,T19) -> 1467352.2
A20: FLAWED | B20: 1 | C20: RUBY | D20: ❤ | E20: 0 | F20: 6400 | G20: 240 | H20: =LOOKUP(2,1/(ResolveSwagger!$A:$A=$A20)/(ResolveSwagger!$C:$C=$C20),(ResolveSwagger!F:F)) -> 596.9 | I20: =LOOKUP(2,1/(ResolveSwagger!$A:$A=$A20)/(ResolveSwagger!$C:$C=$C20),(ResolveSwagger!G:G)) -> 271.56202 | J20: =H20*5*$B$1*$F20+$E20*$B$1 -> 19100800 | K20: =I20*5*$B$1*$F20+$E20*$B$1 -> 8689984.7 | L20: =J20-K20 -> 10410815 | M20: =LOOKUP(2,1/(ResolveSwagger!$A:$A="PERFECT")/(ResolveSwagger!$C:$C=$C20),(ResolveSwagger!F:F))*$B$1 -> 11731608 | N20: =LOOKUP(2,1/(ResolveSwagger!$A:$A="PERFECT")/(ResolveSwagger!$C:$C=$C20),(ResolveSwagger!G:G))*$B$1 -> 9500002.8 | O20: =M20-K20 -> 3041622.8 | P20: =O20/J20 -> 0.1592406 | Q20: =O20/K20 -> 0.35001475 | R20: =M20-J20 -> -7369192.4 | S20: =N20-K20 -> 810018.09 | T20: =N20-J20 -> -9600797.2 | U20: =_xlfn.STDEV.P(O20,R20,S20,T20) -> 5323653.2
A21: FLAWLESS | B21: 1 | C21: RUBY | D21: ❤ | E21: 0 | F21: 1 | H21: =LOOKUP(2,1/(ResolveSwagger!$A:$A=$A21)/(ResolveSwagger!$C:$C=$C21),(ResolveSwagger!F:F)) -> 2013632.2 | I21: =LOOKUP(2,1/(ResolveSwagger!$A:$A=$A21)/(ResolveSwagger!$C:$C=$C21),(ResolveSwagger!G:G)) -> 1800000 | J21: =H21*5*$B$1*$F21+$E21*$B$1 -> 10068161 | K21: =I21*5*$B$1*$F21+$E21*$B$1 -> 9000000 | L21: =J21-K21 -> 1068160.8 | M21: =LOOKUP(2,1/(ResolveSwagger!$A:$A="PERFECT")/(ResolveSwagger!$C:$C=$C21),(ResolveSwagger!F:F))*$B$1 -> 11731608 | N21: =LOOKUP(2,1/(ResolveSwagger!$A:$A="PERFECT")/(ResolveSwagger!$C:$C=$C21),(ResolveSwagger!G:G))*$B$1 -> 9500002.8 | O21: =M21-K21 -> 2731607.6 | P21: =O21/J21 -> 0.27131148 | Q21: =O21/K21 -> 0.30351195 | R21: =M21-J21 -> 1663446.7 | S21: =N21-K21 -> 500002.83 | T21: =N21-J21 -> -568157.99 | U21: =_xlfn.STDEV.P(O21,R21,S21,T21) -> 1237035.5
A22: FINE | B22: 1 | C22: JASPER | D22: ❁ | E22: 0 | F22: 80 | G22: 25600 | H22: =LOOKUP(2,1/(ResolveSwagger!$A:$A=$A22)/(ResolveSwagger!$C:$C=$C22),(ResolveSwagger!F:F)) -> 63466.538 | I22: =LOOKUP(2,1/(ResolveSwagger!$A:$A=$A22)/(ResolveSwagger!$C:$C=$C22),(ResolveSwagger!G:G)) -> 59345.965 | J22: =H22*5*$B$1*$F22+$E22*$B$1 -> 25386615 | K22: =I22*5*$B$1*$F22+$E22*$B$1 -> 23738386 | L22: =J22-K22 -> 1648228.9 | M22: =LOOKUP(2,1/(ResolveSwagger!$A:$A="PERFECT")/(ResolveSwagger!$C:$C=$C22),(ResolveSwagger!F:F))*$B$1 -> 29406831 | N22: =LOOKUP(2,1/(ResolveSwagger!$A:$A="PERFECT")/(ResolveSwagger!$C:$C=$C22),(ResolveSwagger!G:G))*$B$1 -> 28168463 | O22: =M22-K22 -> 5668445 | P22: =O22/J22 -> 0.22328479 | Q22: =O22/K22 -> 0.23878814 | R22: =M22-J22 -> 4020216.1 | S22: =N22-K22 -> 4430076.7 | T22: =N22-J22 -> 2781847.8 | U22: =_xlfn.STDEV.P(O22,R22,S22,T22) -> 1030802.4
A23: FLAWLESS | B23: 1 | C23: JASPER | D23: ❁ | E23: 0 | F23: 1 | H23: =LOOKUP(2,1/(ResolveSwagger!$A:$A=$A23)/(ResolveSwagger!$C:$C=$C23),(ResolveSwagger!F:F)) -> 5160837.2 | I23: =LOOKUP(2,1/(ResolveSwagger!$A:$A=$A23)/(ResolveSwagger!$C:$C=$C23),(ResolveSwagger!G:G)) -> 4886130 | J23: =H23*5*$B$1*$F23+$E23*$B$1 -> 25804186 | K23: =I23*5*$B$1*$F23+$E23*$B$1 -> 24430650 | L23: =J23-K23 -> 1373536.4 | M23: =LOOKUP(2,1/(ResolveSwagger!$A:$A="PERFECT")/(ResolveSwagger!$C:$C=$C23),(ResolveSwagger!F:F))*$B$1 -> 29406831 | N23: =LOOKUP(2,1/(ResolveSwagger!$A:$A="PERFECT")/(ResolveSwagger!$C:$C=$C23),(ResolveSwagger!G:G))*$B$1 -> 28168463 | O23: =M23-K23 -> 4976181.3 | P23: =O23/J23 -> 0.19284396 | Q23: =O23/K23 -> 0.203686 | R23: =M23-J23 -> 3602644.9 | S23: =N23-K23 -> 3737813 | T23: =N23-J23 -> 2364276.6 | U23: =_xlfn.STDEV.P(O23,R23,S23,T23) -> 924683.53
A24: FLAWLESS | B24: 0 | C24: ONYX | D24: ☠ | E24: 0 | F24: 1 | H24: =LOOKUP(2,1/(ResolveSwagger!$A:$A=$A24)/(ResolveSwagger!$C:$C=$C24),(ResolveSwagger!F:F)) -> 1945865.1 | I24: =LOOKUP(2,1/(ResolveSwagger!$A:$A=$A24)/(ResolveSwagger!$C:$C=$C24),(ResolveSwagger!G:G)) -> 1213819.3 | J24: =H24*5*$B$1*$F24+$E24*$B$1 -> 9729325.6 | K24: =I24*5*$B$1*$F24+$E24*$B$1 -> 6069096.5 | L24: =J24-K24 -> 3660229 | M24: =LOOKUP(2,1/(ResolveSwagger!$A:$A="PERFECT")/(ResolveSwagger!$C:$C=$C24),(ResolveSwagger!F:F))*$B$1 -> 17680651 | N24: =LOOKUP(2,1/(ResolveSwagger!$A:$A="PERFECT")/(ResolveSwagger!$C:$C=$C24),(ResolveSwagger!G:G))*$B$1 -> 15115964 | O24: =M24-K24 -> 11611555 | P24: =O24/J24 -> 1.1934594 | Q24: =O24/K24 -> 1.9132262 | R24: =M24-J24 -> 7951325.7 | S24: =N24-K24 -> 9046867.7 | T24: =N24-J24 -> 5386638.7 | U24: =_xlfn.STDEV.P(O24,R24,S24,T24) -> 2234664.2
A25: FLAWLESS | B25: 0 | C25: CITRINE | D25: ☘ | E25: 0 | F25: 1 | H25: =LOOKUP(2,1/(ResolveSwagger!$A:$A=$A25)/(ResolveSwagger!$C:$C=$C25),(ResolveSwagger!F:F)) -> 1645984.3 | I25: =LOOKUP(2,1/(ResolveSwagger!$A:$A=$A25)/(ResolveSwagger!$C:$C=$C25),(ResolveSwagger!G:G)) -> 1351873.7 | J25: =H25*5*$B$1*$F25+$E25*$B$1 -> 8229921.6 | K25: =I25*5*$B$1*$F25+$E25*$B$1 -> 6759368.6 | L25: =J25-K25 -> 1470553 | M25: =LOOKUP(2,1/(ResolveSwagger!$A:$A="PERFECT")/(ResolveSwagger!$C:$C=$C25),(ResolveSwagger!F:F))*$B$1 -> 13602082 | N25: =LOOKUP(2,1/(ResolveSwagger!$A:$A="PERFECT")/(ResolveSwagger!$C:$C=$C25),(ResolveSwagger!G:G))*$B$1 -> 11977927 | O25: =M25-K25 -> 6842713.2 | P25: =O25/J25 -> 0.83144331 | Q25: =O25/K25 -> 1.0123302 | R25: =M25-J25 -> 5372160.2 | S25: =N25-K25 -> 5218558.4 | T25: =N25-J25 -> 3748005.4 | U25: =_xlfn.STDEV.P(O25,R25,S25,T25) -> 1095491.3
A26: FLAWED | B26: 0 | C26: PERIDOT | D26: ☘ | E26: 0 | F26: 6400 | G26: 320 | H26: =LOOKUP(2,1/(ResolveSwagger!$A:$A=$A26)/(ResolveSwagger!$C:$C=$C26),(ResolveSwagger!F:F)) -> 437.13935 | I26: =LOOKUP(2,1/(ResolveSwagger!$A:$A=$A26)/(ResolveSwagger!$C:$C=$C26),(ResolveSwagger!G:G)) -> 359.84615 | J26: =H26*5*$B$1*$F26+$E26*$B$1 -> 13988459 | K26: =I26*5*$B$1*$F26+$E26*$B$1 -> 11515077 | L26: =J26-K26 -> 2473382.3 | M26: =LOOKUP(2,1/(ResolveSwagger!$A:$A="PERFECT")/(ResolveSwagger!$C:$C=$C26),(ResolveSwagger!F:F))*$B$1 -> 21692983 | N26: =LOOKUP(2,1/(ResolveSwagger!$A:$A="PERFECT")/(ResolveSwagger!$C:$C=$C26),(ResolveSwagger!G:G))*$B$1 -> 20696279 | O26: =M26-K26 -> 10177906 | P26: =O26/J26 -> 0.72759308 | Q26: =O26/K26 -> 0.88387652 | R26: =M26-J26 -> 7704523.7 | S26: =N26-K26 -> 9181202.1 | T26: =N26-J26 -> 6707819.8 | U26: =_xlfn.STDEV.P(O26,R26,S26,T26) -> 1333326.6
A27: FLAWED | B27: 0 | C27: ONYX | D27: ☠ | E27: 0 | F27: 6400 | G27: 320 | H27: =LOOKUP(2,1/(ResolveSwagger!$A:$A=$A27)/(ResolveSwagger!$C:$C=$C27),(ResolveSwagger!F:F)) -> 974.53255 | I27: =LOOKUP(2,1/(ResolveSwagger!$A:$A=$A27)/(ResolveSwagger!$C:$C=$C27),(ResolveSwagger!G:G)) -> 297.4415 | J27: =H27*5*$B$1*$F27+$E27*$B$1 -> 31185041 | K27: =I27*5*$B$1*$F27+$E27*$B$1 -> 9518128.1 | L27: =J27-K27 -> 21666913 | M27: =LOOKUP(2,1/(ResolveSwagger!$A:$A="PERFECT")/(ResolveSwagger!$C:$C=$C27),(ResolveSwagger!F:F))*$B$1 -> 17680651 | N27: =LOOKUP(2,1/(ResolveSwagger!$A:$A="PERFECT")/(ResolveSwagger!$C:$C=$C27),(ResolveSwagger!G:G))*$B$1 -> 15115964 | O27: =M27-K27 -> 8162523.1 | P27: =O27/J27 -> 0.26174482 | Q27: =O27/K27 -> 0.85757651 | R27: =M27-J27 -> -13504390 | S27: =N27-K27 -> 5597836.1 | T27: =N27-J27 -> -16069077 | U27: =_xlfn.STDEV.P(O27,R27,S27,T27) -> 10909087
A28: FINE | B28: 0 | C28: PERIDOT | D28: ☘ | E28: 0 | F28: 80 | G28: 25600 | H28: =LOOKUP(2,1/(ResolveSwagger!$A:$A=$A28)/(ResolveSwagger!$C:$C=$C28),(ResolveSwagger!F:F)) -> 32671.934 | I28: =LOOKUP(2,1/(ResolveSwagger!$A:$A=$A28)/(ResolveSwagger!$C:$C=$C28),(ResolveSwagger!G:G)) -> 29417.646 | J28: =H28*5*$B$1*$F28+$E28*$B$1 -> 13068774 | K28: =I28*5*$B$1*$F28+$E28*$B$1 -> 11767058 | L28: =J28-K28 -> 1301715.2 | M28: =LOOKUP(2,1/(ResolveSwagger!$A:$A="PERFECT")/(ResolveSwagger!$C:$C=$C28),(ResolveSwagger!F:F))*$B$1 -> 21692983 | N28: =LOOKUP(2,1/(ResolveSwagger!$A:$A="PERFECT")/(ResolveSwagger!$C:$C=$C28),(ResolveSwagger!G:G))*$B$1 -> 20696279 | O28: =M28-K28 -> 9925924.5 | P28: =O28/J28 -> 0.75951461 | Q28: =O28/K28 -> 0.8435349 | R28: =M28-J28 -> 8624209.3 | S28: =N28-K28 -> 8929220.5 | T28: =N28-J28 -> 7627505.3 | U28: =_xlfn.STDEV.P(O28,R28,S28,T28) -> 819737.95
A29: FINE | B29: 0 | C29: ONYX | D29: ☠ | E29: 0 | F29: 80 | G29: 25600 | H29: =LOOKUP(2,1/(ResolveSwagger!$A:$A=$A29)/(ResolveSwagger!$C:$C=$C29),(ResolveSwagger!F:F)) -> 25667.982 | I29: =LOOKUP(2,1/(ResolveSwagger!$A:$A=$A29)/(ResolveSwagger!$C:$C=$C29),(ResolveSwagger!G:G)) -> 24462.26 | J29: =H29*5*$B$1*$F29+$E29*$B$1 -> 10267193 | K29: =I29*5*$B$1*$F29+$E29*$B$1 -> 9784904.2 | L29: =J29-K29 -> 482288.62 | M29: =LOOKUP(2,1/(ResolveSwagger!$A:$A="PERFECT")/(ResolveSwagger!$C:$C=$C29),(ResolveSwagger!F:F))*$B$1 -> 17680651 | N29: =LOOKUP(2,1/(ResolveSwagger!$A:$A="PERFECT")/(ResolveSwagger!$C:$C=$C29),(ResolveSwagger!G:G))*$B$1 -> 15115964 | O29: =M29-K29 -> 7895747 | P29: =O29/J29 -> 0.76902686 | Q29: =O29/K29 -> 0.80693146 | R29: =M29-J29 -> 7413458.4 | S29: =N29-K29 -> 5331060.1 | T29: =N29-J29 -> 4848771.4 | U29: =_xlfn.STDEV.P(O29,R29,S29,T29) -> 1304820.1
A30: FLAWLESS | B30: 0 | C30: PERIDOT | D30: ☘ | E30: 0 | F30: 1 | H30: =LOOKUP(2,1/(ResolveSwagger!$A:$A=$A30)/(ResolveSwagger!$C:$C=$C30),(ResolveSwagger!F:F)) -> 2679982.7 | I30: =LOOKUP(2,1/(ResolveSwagger!$A:$A=$A30)/(ResolveSwagger!$C:$C=$C30),(ResolveSwagger!G:G)) -> 2428673.4 | J30: =H30*5*$B$1*$F30+$E30*$B$1 -> 13399913 | K30: =I30*5*$B$1*$F30+$E30*$B$1 -> 12143367 | L30: =J30-K30 -> 1256546.3 | M30: =LOOKUP(2,1/(ResolveSwagger!$A:$A="PERFECT")/(ResolveSwagger!$C:$C=$C30),(ResolveSwagger!F:F))*$B$1 -> 21692983 | N30: =LOOKUP(2,1/(ResolveSwagger!$A:$A="PERFECT")/(ResolveSwagger!$C:$C=$C30),(ResolveSwagger!G:G))*$B$1 -> 20696279 | O30: =M30-K30 -> 9549615.9 | P30: =O30/J30 -> 0.71266251 | Q30: =O30/K30 -> 0.78640593 | R30: =M30-J30 -> 8293069.6 | S30: =N30-K30 -> 8552911.9 | T30: =N30-J30 -> 7296365.7 | U30: =_xlfn.STDEV.P(O30,R30,S30,T30) -> 801923.82
A31: FLAWLESS | B31: 0 | C31: AQUAMARINE | D31: ☂ | E31: 0 | F31: 1 | H31: =LOOKUP(2,1/(ResolveSwagger!$A:$A=$A31)/(ResolveSwagger!$C:$C=$C31),(ResolveSwagger!F:F)) -> 2067016.1 | I31: =LOOKUP(2,1/(ResolveSwagger!$A:$A=$A31)/(ResolveSwagger!$C:$C=$C31),(ResolveSwagger!G:G)) -> 1658871.1 | J31: =H31*5*$B$1*$F31+$E31*$B$1 -> 10335081 | K31: =I31*5*$B$1*$F31+$E31*$B$1 -> 8294355.5 | L31: =J31-K31 -> 2040725.2 | M31: =LOOKUP(2,1/(ResolveSwagger!$A:$A="PERFECT")/(ResolveSwagger!$C:$C=$C31),(ResolveSwagger!F:F))*$B$1 -> 13525670 | N31: =LOOKUP(2,1/(ResolveSwagger!$A:$A="PERFECT")/(ResolveSwagger!$C:$C=$C31),(ResolveSwagger!G:G))*$B$1 -> 11546081 | O31: =M31-K31 -> 5231314 | P31: =O31/J31 -> 0.50617059 | Q31: =O31/K31 -> 0.63070771 | R31: =M31-J31 -> 3190588.8 | S31: =N31-K31 -> 3251725 | T31: =N31-J31 -> 1210999.8 | U31: =_xlfn.STDEV.P(O31,R31,S31,T31) -> 1421560
A32: FLAWED | B32: 0 | C32: CITRINE | D32: ☘ | E32: 0 | F32: 6400 | G32: 320 | H32: =LOOKUP(2,1/(ResolveSwagger!$A:$A=$A32)/(ResolveSwagger!$C:$C=$C32),(ResolveSwagger!F:F)) -> 1559.6602 | I32: =LOOKUP(2,1/(ResolveSwagger!$A:$A=$A32)/(ResolveSwagger!$C:$C=$C32),(ResolveSwagger!G:G)) -> 284.86183 | J32: =H32*5*$B$1*$F32+$E32*$B$1 -> 49909127 | K32: =I32*5*$B$1*$F32+$E32*$B$1 -> 9115578.5 | L32: =J32-K32 -> 40793548 | M32: =LOOKUP(2,1/(ResolveSwagger!$A:$A="PERFECT")/(ResolveSwagger!$C:$C=$C32),(ResolveSwagger!F:F))*$B$1 -> 13602082 | N32: =LOOKUP(2,1/(ResolveSwagger!$A:$A="PERFECT")/(ResolveSwagger!$C:$C=$C32),(ResolveSwagger!G:G))*$B$1 -> 11977927 | O32: =M32-K32 -> 4486503.4 | P32: =O32/J32 -> 0.089893445 | Q32: =O32/K32 -> 0.49217978 | R32: =M32-J32 -> -36307045 | S32: =N32-K32 -> 2862348.5 | T32: =N32-J32 -> -37931200 | U32: =_xlfn.STDEV.P(O32,R32,S32,T32) -> 20412934
A33: FLAWED | B33: 0 | C33: AQUAMARINE | D33: ☂ | E33: 0 | F33: 6400 | G33: 320 | H33: =LOOKUP(2,1/(ResolveSwagger!$A:$A=$A33)/(ResolveSwagger!$C:$C=$C33),(ResolveSwagger!F:F)) -> 399.94314 | I33: =LOOKUP(2,1/(ResolveSwagger!$A:$A=$A33)/(ResolveSwagger!$C:$C=$C33),(ResolveSwagger!G:G)) -> 291.43301 | J33: =H33*5*$B$1*$F33+$E33*$B$1 -> 12798181 | K33: =I33*5*$B$1*$F33+$E33*$B$1 -> 9325856.5 | L33: =J33-K33 -> 3472324.1 | M33: =LOOKUP(2,1/(ResolveSwagger!$A:$A="PERFECT")/(ResolveSwagger!$C:$C=$C33),(ResolveSwagger!F:F))*$B$1 -> 13525670 | N33: =LOOKUP(2,1/(ResolveSwagger!$A:$A="PERFECT")/(ResolveSwagger!$C:$C=$C33),(ResolveSwagger!G:G))*$B$1 -> 11546081 | O33: =M33-K33 -> 4199813 | P33: =O33/J33 -> 0.32815704 | Q33: =O33/K33 -> 0.45034073 | R33: =M33-J33 -> 727488.88 | S33: =N33-K33 -> 2220224.1 | T33: =N33-J33 -> -1252100.1 | U33: =_xlfn.STDEV.P(O33,R33,S33,T33) -> 1998487.4
A34: FINE | B34: 0 | C34: CITRINE | D34: ☘ | E34: 0 | F34: 80 | G34: 25600 | H34: =LOOKUP(2,1/(ResolveSwagger!$A:$A=$A34)/(ResolveSwagger!$C:$C=$C34),(ResolveSwagger!F:F)) -> 29228.19 | I34: =LOOKUP(2,1/(ResolveSwagger!$A:$A=$A34)/(ResolveSwagger!$C:$C=$C34),(ResolveSwagger!G:G)) -> 24786.475 | J34: =H34*5*$B$1*$F34+$E34*$B$1 -> 11691276 | K34: =I34*5*$B$1*$F34+$E34*$B$1 -> 9914590.1 | L34: =J34-K34 -> 1776685.9 | M34: =LOOKUP(2,1/(ResolveSwagger!$A:$A="PERFECT")/(ResolveSwagger!$C:$C=$C34),(ResolveSwagger!F:F))*$B$1 -> 13602082 | N34: =LOOKUP(2,1/(ResolveSwagger!$A:$A="PERFECT")/(ResolveSwagger!$C:$C=$C34),(ResolveSwagger!G:G))*$B$1 -> 11977927 | O34: =M34-K34 -> 3687491.7 | P34: =O34/J34 -> 0.31540541 | Q34: =O34/K34 -> 0.37192579 | R34: =M34-J34 -> 1910805.9 | S34: =N34-K34 -> 2063336.9 | T34: =N34-J34 -> 286651 | U34: =_xlfn.STDEV.P(O34,R34,S34,T34) -> 1203587.5
A35: FINE | B35: 0 | C35: AQUAMARINE | D35: ☂ | E35: 0 | F35: 80 | G35: 25600 | H35: =LOOKUP(2,1/(ResolveSwagger!$A:$A=$A35)/(ResolveSwagger!$C:$C=$C35),(ResolveSwagger!F:F)) -> 25694.585 | I35: =LOOKUP(2,1/(ResolveSwagger!$A:$A=$A35)/(ResolveSwagger!$C:$C=$C35),(ResolveSwagger!G:G)) -> 24806.6 | J35: =H35*5*$B$1*$F35+$E35*$B$1 -> 10277834 | K35: =I35*5*$B$1*$F35+$E35*$B$1 -> 9922640 | L35: =J35-K35 -> 355193.96 | M35: =LOOKUP(2,1/(ResolveSwagger!$A:$A="PERFECT")/(ResolveSwagger!$C:$C=$C35),(ResolveSwagger!F:F))*$B$1 -> 13525670 | N35: =LOOKUP(2,1/(ResolveSwagger!$A:$A="PERFECT")/(ResolveSwagger!$C:$C=$C35),(ResolveSwagger!G:G))*$B$1 -> 11546081 | O35: =M35-K35 -> 3603029.5 | P35: =O35/J35 -> 0.35056312 | Q35: =O35/K35 -> 0.36311198 | R35: =M35-J35 -> 3247835.5 | S35: =N35-K35 -> 1623440.6 | T35: =N35-J35 -> 1268246.6 | U35: =_xlfn.STDEV.P(O35,R35,S35,T35) -> 1005601.2
A36: FLAWED | B36: -1 | C36: OPAL | D36: ❂ | E36: 0 | F36: 6400 | G36: 240 | H36: =LOOKUP(2,1/(ResolveSwagger!$A:$A=$A36)/(ResolveSwagger!$C:$C=$C36),(ResolveSwagger!F:F)) -> 999.2 | I36: =LOOKUP(2,1/(ResolveSwagger!$A:$A=$A36)/(ResolveSwagger!$C:$C=$C36),(ResolveSwagger!G:G)) -> 278.1 | J36: =H36*5*$B$1*$F36+$E36*$B$1 -> 31974400 | K36: =I36*5*$B$1*$F36+$E36*$B$1 -> 8899200 | L36: =J36-K36 -> 23075200 | M36: =LOOKUP(2,1/(ResolveSwagger!$A:$A="PERFECT")/(ResolveSwagger!$C:$C=$C36),(ResolveSwagger!F:F))*$B$1 -> 13202096 | N36: =LOOKUP(2,1/(ResolveSwagger!$A:$A="PERFECT")/(ResolveSwagger!$C:$C=$C36),(ResolveSwagger!G:G))*$B$1 -> 10521029 | O36: =M36-K36 -> 4302896.5 | P36: =O36/J36 -> 0.13457317 | Q36: =O36/K36 -> 0.48351498 | R36: =M36-J36 -> -18772304 | S36: =N36-K36 -> 1621828.7 | T36: =N36-J36 -> -21453371 | U36: =_xlfn.STDEV.P(O36,R36,S36,T36) -> 11615216
A37: FINE | B37: -1 | C37: OPAL | D37: ❂ | E37: 0 | F37: 80 | G37: 19200 | H37: =LOOKUP(2,1/(ResolveSwagger!$A:$A=$A37)/(ResolveSwagger!$C:$C=$C37),(ResolveSwagger!F:F)) -> 28059.746 | I37: =LOOKUP(2,1/(ResolveSwagger!$A:$A=$A37)/(ResolveSwagger!$C:$C=$C37),(ResolveSwagger!G:G)) -> 22507 | J37: =H37*5*$B$1*$F37+$E37*$B$1 -> 11223898 | K37: =I37*5*$B$1*$F37+$E37*$B$1 -> 9002800 | L37: =J37-K37 -> 2221098.4 | M37: =LOOKUP(2,1/(ResolveSwagger!$A:$A="PERFECT")/(ResolveSwagger!$C:$C=$C37),(ResolveSwagger!F:F))*$B$1 -> 13202096 | N37: =LOOKUP(2,1/(ResolveSwagger!$A:$A="PERFECT")/(ResolveSwagger!$C:$C=$C37),(ResolveSwagger!G:G))*$B$1 -> 10521029 | O37: =M37-K37 -> 4199296.5 | P37: =O37/J37 -> 0.37413885 | Q37: =O37/K37 -> 0.46644338 | R37: =M37-J37 -> 1978198.1 | S37: =N37-K37 -> 1518228.7 | T37: =N37-J37 -> -702869.68 | U37: =_xlfn.STDEV.P(O37,R37,S37,T37) -> 1740790.2
A38: FLAWLESS | B38: -1 | C38: OPAL | D38: ❂ | E38: 0 | F38: 1 | H38: =LOOKUP(2,1/(ResolveSwagger!$A:$A=$A38)/(ResolveSwagger!$C:$C=$C38),(ResolveSwagger!F:F)) -> 2453418.2 | I38: =LOOKUP(2,1/(ResolveSwagger!$A:$A=$A38)/(ResolveSwagger!$C:$C=$C38),(ResolveSwagger!G:G)) -> 2127624.8 | J38: =H38*5*$B$1*$F38+$E38*$B$1 -> 12267091 | K38: =I38*5*$B$1*$F38+$E38*$B$1 -> 10638124 | L38: =J38-K38 -> 1628967.2 | M38: =LOOKUP(2,1/(ResolveSwagger!$A:$A="PERFECT")/(ResolveSwagger!$C:$C=$C38),(ResolveSwagger!F:F))*$B$1 -> 13202096 | N38: =LOOKUP(2,1/(ResolveSwagger!$A:$A="PERFECT")/(ResolveSwagger!$C:$C=$C38),(ResolveSwagger!G:G))*$B$1 -> 10521029 | O38: =M38-K38 -> 2563972.7 | P38: =O38/J38 -> 0.20901228 | Q38: =O38/K38 -> 0.24101738 | R38: =M38-J38 -> 935005.51 | S38: =N38-K38 -> -117095.06 | T38: =N38-J38 -> -1746062.3 | U38: =_xlfn.STDEV.P(O38,R38,S38,T38) -> 1568570.9

Sheet FlipCal
B1: pickGem | C1: TOPAZ
D3: buyPrice | E3: sellPrice | F3: overwrite BUYPRICE | G3: buyVolume | H3: sellVolume | I3: buyMovingWeek | J3: sellMovingWeek | K3: APITime | L3: APITime IRL
B4: ROUGH | C4: =_xlfn.CONCAT(B4,"_",$C$1,"_GEM") -> ROUGH_TOPAZ_GEM | D4: =LOOKUP(2,1/(ResolveSwagger!$A:$A=$B4)/(ResolveSwagger!$C:$C=$C$1),(ResolveSwagger!F:F)) -> 5.6340714 | E4: =LOOKUP(2,1/(ResolveSwagger!$A:$A=$B4)/(ResolveSwagger!$C:$C=$C$1),(ResolveSwagger!G:G)) -> 1 | F4: 0 | G4: =LOOKUP(2,1/(ResolveSwagger!$A:$A=$B4)/(ResolveSwagger!$C:$C=$C$1),(ResolveSwagger!H:H)) -> 14150932 | H4: =LOOKUP(2,1/(ResolveSwagger!$A:$A=$B4)/(ResolveSwagger!$C:$C=$C$1),(ResolveSwagger!I:I)) -> 1999182 | I4: =LOOKUP(2,1/(ResolveSwagger!$A:$A=$B4)/(ResolveSwagger!$C:$C=$C$1),(ResolveSwagger!J:J)) -> 1232977 | J4: =LOOKUP(2,1/(ResolveSwagger!$A:$A=$B4)/(ResolveSwagger!$C:$C=$C$1),(ResolveSwagger!K:K)) -> 285226788 | K4: =LOOKUP(2,1/(ResolveSwagger!$A:$A=$B4)/(ResolveSwagger!$C:$C=$C$1),(ResolveSwagger!L:L)) -> 46305.562 | L4: =LOOKUP(2,1/(ResolveSwagger!$A:$A=$B4)/(ResolveSwagger!$C:$C=$C$1),(ResolveSwagger!M:M)) -> 2026-10-10 21:29:23
B5: FLAWED | C5: =_xlfn.CONCAT(B5,"_",$C$1,"_GEM") -> FLAWED_TOPAZ_GEM | D5: =LOOKUP(2,1/(ResolveSwagger!$A:$A=$B5)/(ResolveSwagger!$C:$C=$C$1),(ResolveSwagger!F:F)) -> 804.69976 | E5: =LOOKUP(2,1/(ResolveSwagger!$A:$A=$B5)/(ResolveSwagger!$C:$C=$C$1),(ResolveSwagger!G:G)) -> 333.78947 | F5: 300 | G5: =LOOKUP(2,1/(ResolveSwagger!$A:$A=$B5)/(ResolveSwagger!$C:$C=$C$1),(ResolveSwagger!H:H)) -> 10791 | H5: =LOOKUP(2,1/(ResolveSwagger!$A:$A=$B5)/(ResolveSwagger!$C:$C=$C$1),(ResolveSwagger!I:I)) -> 11006877 | I5: =LOOKUP(2,1/(ResolveSwagger!$A:$A=$B5)/(ResolveSwagger!$C:$C=$C$1),(ResolveSwagger!J:J)) -> 18288 | J5: =LOOKUP(2,1/(ResolveSwagger!$A:$A=$B5)/(ResolveSwagger!$C:$C=$C$1),(ResolveSwagger!K:K)) -> 19333086 | K5: =LOOKUP(2,1/(ResolveSwagger!$A:$A=$B5)/(ResolveSwagger!$C:$C=$C$1),(ResolveSwagger!L:L)) -> 46305.562 | L5: =LOOKUP(2,1/(ResolveSwagger!$A:$A=$B5)/(ResolveSwagger!$C:$C=$C$1),(ResolveSwagger!M:M)) -> 2026-10-10 21:29:23
B6: FINE | C6: =_xlfn.CONCAT(B6,"_",$C$1,"_GEM") -> FINE_TOPAZ_GEM | D6: =LOOKUP(2,1/(ResolveSwagger!$A:$A=$B6)/(ResolveSwagger!$C:$C=$C$1),(ResolveSwagger!F:F)) -> 30607.45 | E6: =LOOKUP(2,1/(ResolveSwagger!$A:$A=$B6)/(ResolveSwagger!$C:$C=$C$1),(ResolveSwagger!G:G)) -> 29500.069 | F6: 0 | G6: =LOOKUP(2,1/(ResolveSwagger!$A:$A=$B6)/(ResolveSwagger!$C:$C=$C$1),(ResolveSwagger!H:H)) -> 192351 | H6: =LOOKUP(2,1/(ResolveSwagger!$A:$A=$B6)/(ResolveSwagger!$C:$C=$C$1),(ResolveSwagger!I:I)) -> 333628 | I6: =LOOKUP(2,1/(ResolveSwagger!$A:$A=$B6)/(ResolveSwagger!$C:$C=$C$1),(ResolveSwagger!J:J)) -> 117621 | J6: =LOOKUP(2,1/(ResolveSwagger!$A:$A=$B6)/(ResolveSwagger!$C:$C=$C$1),(ResolveSwagger!K:K)) -> 596289 | K6: =LOOKUP(2,1/(ResolveSwagger!$A:$A=$B6)/(ResolveSwagger!$C:$C=$C$1),(ResolveSwagger!L:L)) -> 46305.562 | L6: =LOOKUP(2,1/(ResolveSwagger!$A:$A=$B6)/(ResolveSwagger!$C:$C=$C$1),(ResolveSwagger!M:M)) -> 2026-10-10 21:29:23
B7: FLAWLESS | C7: =_xlfn.CONCAT(B7,"_",$C$1,"_GEM") -> FLAWLESS_TOPAZ_GEM | D7: =LOOKUP(2,1/(ResolveSwagger!$A:$A=$B7)/(ResolveSwagger!$C:$C=$C$1),(ResolveSwagger!F:F)) -> 2468588.8 | E7: =LOOKUP(2,1/(ResolveSwagger!$A:$A=$B7)/(ResolveSwagger!$C:$C=$C$1),(ResolveSwagger!G:G)) -> 2265555 | F7: 0 | G7: =LOOKUP(2,1/(ResolveSwagger!$A:$A=$B7)/(ResolveSwagger!$C:$C=$C$1),(ResolveSwagger!H:H)) -> 19 | H7: =LOOKUP(2,1/(ResolveSwagger!$A:$A=$B7)/(ResolveSwagger!$C:$C=$C$1),(ResolveSwagger!I:I)) -> 6465 | I7: =LOOKUP(2,1/(ResolveSwagger!$A:$A=$B7)/(ResolveSwagger!$C:$C=$C$1),(ResolveSwagger!J:J)) -> 7230 | J7: =LOOKUP(2,1/(ResolveSwagger!$A:$A=$B7)/(ResolveSwagger!$C:$C=$C$1),(ResolveSwagger!K:K)) -> 3973 | K7: =LOOKUP(2,1/(ResolveSwagger!$A:$A=$B7)/(ResolveSwagger!$C:$C=$C$1),(ResolveSwagger!L:L)) -> 46305.562 | L7: =LOOKUP(2,1/(ResolveSwagger!$A:$A=$B7)/(ResolveSwagger!$C:$C=$C$1),(ResolveSwagger!M:M)) -> 2026-10-10 21:29:23
B8: PERFECT | C8: =_xlfn.CONCAT(B8,"_",$C$1,"_GEM") -> PERFECT_TOPAZ_GEM | D8: =LOOKUP(2,1/(ResolveSwagger!$A:$A=$B8)/(ResolveSwagger!$C:$C=$C$1),(ResolveSwagger!F:F)) -> 16144143 | E8: =LOOKUP(2,1/(ResolveSwagger!$A:$A=$B8)/(ResolveSwagger!$C:$C=$C$1),(ResolveSwagger!G:G)) -> 14458824 | F8: 11000000 | G8: =LOOKUP(2,1/(ResolveSwagger!$A:$A=$B8)/(ResolveSwagger!$C:$C=$C$1),(ResolveSwagger!H:H)) -> 401 | H8: =LOOKUP(2,1/(ResolveSwagger!$A:$A=$B8)/(ResolveSwagger!$C:$C=$C$1),(ResolveSwagger!I:I)) -> 1270 | I8: =LOOKUP(2,1/(ResolveSwagger!$A:$A=$B8)/(ResolveSwagger!$C:$C=$C$1),(ResolveSwagger!J:J)) -> 3534 | J8: =LOOKUP(2,1/(ResolveSwagger!$A:$A=$B8)/(ResolveSwagger!$C:$C=$C$1),(ResolveSwagger!K:K)) -> 1272 | K8: =LOOKUP(2,1/(ResolveSwagger!$A:$A=$B8)/(ResolveSwagger!$C:$C=$C$1),(ResolveSwagger!L:L)) -> 46305.562 | L8: =LOOKUP(2,1/(ResolveSwagger!$A:$A=$B8)/(ResolveSwagger!$C:$C=$C$1),(ResolveSwagger!M:M)) -> 2026-10-10 21:29:23
B12: selectamount | D12: instabuy cost | E12: buyorder cost | F12: overwrite Cost | I12: 71680s? | J12: Crystal Cost
B13: ROUGH | C13: 0 | D13: =$C13*D4 -> 0 | E13: =$C13*E4 -> 0 | F13: =IF(F4=0,E4,F4)*C13 -> 0 | I13: =C13/71680 -> 0 | J13: =IF(C1="SAPPHIRE",VLOOKUP("PRECURSOR_APPARATUS",ResolveSwagger!E:N,10,FALSE),IF(C1="AMETHYST",VLOOKUP("JUNGLE_KEY",ResolveSwagger!E:N,10,FALSE),0)) -> 0
B14: FLAWED | C14: 224000 | D14: =$C14*D5 -> 1.8025275e+08 | E14: =$C14*E5 -> 74768841 | F14: =IF(F5=0,E5,F5)*C14 -> 67200000 | I14: =C14/71680 -> 3.125
B15: FINE | D15: =$C15*D6 -> 0 | E15: =$C15*E6 -> 0 | F15: =IF(F6=0,E6,F6)*C15 -> 0
B16: FLAWLESS | D16: =$C16*D7 -> 0 | E16: =$C16*E7 -> 0 | F16: =IF(F7=0,E7,F7)*C16 -> 0
B17: Crystal | D17: =J13*C21 -> 0
B18: TotalRough | C18: =C13+C14*80+C15*6400+C16*512000 -> 17920000
B19: TotalCost | D19: =SUM(D13:D17) -> 1.8025275e+08 | E19: =SUM(E13:E16) -> 74768841 | F19: =SUM(F13:F16) -> 67200000
D20: sell offer | E20: insta sell | F20: sell offer overwrite
B21: PERFECT? | C21: =C18/2560000 -> 7 | D21: =$C21*D8 -> 113009001 | E21: =$C21*E8 -> 1.0121177e+08 | F21: =IF(F8=0,D8,F8)*C21 -> 77000000
B22: MAXprofit | D22: =D21-E19 -> 38240160 | F22: =F21-F19 -> 9800000
B23: MINprofit | D23: =E21-D19 -> -79040978
B25: ProfitRate | D25: =D22/D19 -> 0.21214745 | F25: =F22/F19 -> 0.14583333

Sheet GemName
A1: Gemstone | B1: Stat | C1: icon
A2: RUBY | B2: Health | C2: ❤
A3: AMBER | B3: Mining Speed | C3: ⸕
A4: TOPAZ | B4: Pristine | C4: ✧
A5: JADE | B5: Mining Fortune | C5: ☘
A6: SAPPHIRE | B6: Intelligence | C6: ✎
A7: AMETHYST | B7: Defense | C7: ❈
A8: JASPER | B8: Strength | C8: ❁
A9: OPAL | B9: True Defense | C9: ❂
A10: AQUAMARINE | B10: Fishing Speed | C10: ☂
A11: CITRINE | B11: Foraging Fortune | C11: ☘
A12: ONYX | B12: Crit Damage | C12: ☠
A13: PERIDOT | B13: Farming Fortune | C13: ☘

Sheet ResolveSwagger
A1: GemQuality | B1: Tier | C1: GemName | D1: Icon | E1: item_id | F1: buyPrice | G1: sellPrice | H1: buyVolume | I1: sellVolume | J1: buyMovingWeek | K1: sellMovingWeek | L1: APITime | M1: API2IRL | N1: AVERAGE
A2: PERFECT | B2: 5 | C2: TOPAZ | D2: ✧ | E2: =_xlfn.CONCAT(A2,"_",C2,"_GEM") -> PERFECT_TOPAZ_GEM | F2: =_xlfn.NUMBERVALUE(IF(VLOOKUP($E2, SwaggerAPI!$A:$A, 1, TRUE) = $E2, VLOOKUP($E2, SwaggerAPI!$A:$H, 2, TRUE), NA())) -> 16144143 | G2: =_xlfn.NUMBERVALUE(IF(VLOOKUP($E2, SwaggerAPI!$A:$A, 1, TRUE) = $E2, VLOOKUP($E2, SwaggerAPI!$A:$H, 3, TRUE), NA())) -> 14458824 | H2: =_xlfn.NUMBERVALUE(IF(VLOOKUP($E2, SwaggerAPI!$A:$A, 1, TRUE) = $E2, VLOOKUP($E2, SwaggerAPI!$A:$H, 4, TRUE), NA())) -> 401 | I2: =_xlfn.NUMBERVALUE(IF(VLOOKUP($E2, SwaggerAPI!$A:$A, 1, TRUE) = $E2, VLOOKUP($E2, SwaggerAPI!$A:$H, 5, TRUE), NA())) -> 1270 | J2: =_xlfn.NUMBERVALUE(IF(VLOOKUP($E2, SwaggerAPI!$A:$A, 1, TRUE) = $E2, VLOOKUP($E2, SwaggerAPI!$A:$H, 6, TRUE), NA())) -> 3534 | K2: =_xlfn.NUMBERVALUE(IF(VLOOKUP($E2, SwaggerAPI!$A:$A, 1, TRUE) = $E2, VLOOKUP($E2, SwaggerAPI!$A:$H, 7, TRUE), NA())) -> 1272 | L2: =IF(VLOOKUP($E2, SwaggerAPI!$A:$A, 1, TRUE) = $E2, VLOOKUP($E2, SwaggerAPI!$A:$H, 8, TRUE), NA()) -> 46305.562 | M2: =TEXT(L2+8/24, "yyyy-mm-dd hh:mm:ss") -> 2026-10-10 21:29:23
A3: PERFECT | B3: 5 | C3: SAPPHIRE | D3: ✎ | E3: =_xlfn.CONCAT(A3,"_",C3,"_GEM") -> PERFECT_SAPPHIRE_GEM | F3: =_xlfn.NUMBERVALUE(IF(VLOOKUP($E3, SwaggerAPI!$A:$A, 1, TRUE) = $E3, VLOOKUP($E3, SwaggerAPI!$A:$H, 2, TRUE), NA())) -> 15657513 | G3: =_xlfn.NUMBERVALUE(IF(VLOOKUP($E3, SwaggerAPI!$A:$A, 1, TRUE) = $E3, VLOOKUP($E3, SwaggerAPI!$A:$H, 3, TRUE), NA())) -> 14736247 | H3: =_xlfn.NUMBERVALUE(IF(VLOOKUP($E3, SwaggerAPI!$A:$A, 1, TRUE) = $E3, VLOOKUP($E3, SwaggerAPI!$A:$H, 4, TRUE), NA())) -> 613 | I3: =_xlfn.NUMBERVALUE(IF(VLOOKUP($E3, SwaggerAPI!$A:$A, 1, TRUE) = $E3, VLOOKUP($E3, SwaggerAPI!$A:$H, 5, TRUE), NA())) -> 1100 | J3: =_xlfn.NUMBERVALUE(IF(VLOOKUP($E3, SwaggerAPI!$A:$A, 1, TRUE) = $E3, VLOOKUP($E3, SwaggerAPI!$A:$H, 6, TRUE), NA())) -> 4356 | K3: =_xlfn.NUMBERVALUE(IF(VLOOKUP($E3, SwaggerAPI!$A:$A, 1, TRUE) = $E3, VLOOKUP($E3, SwaggerAPI!$A:$H, 7, TRUE), NA())) -> 1032 | L3: =IF(VLOOKUP($E3, SwaggerAPI!$A:$A, 1, TRUE) = $E3, VLOOKUP($E3, SwaggerAPI!$A:$H, 8, TRUE), NA()) -> 46305.562 | M3: =TEXT(L3+8/24, "yyyy-mm-dd hh:mm:ss") -> 2026-10-10 21:29:23
A4: PERFECT | B4: 5 | C4: RUBY | D4: ❤ | E4: =_xlfn.CONCAT(A4,"_",C4,"_GEM") -> PERFECT_RUBY_GEM | F4: =_xlfn.NUMBERVALUE(IF(VLOOKUP($E4, SwaggerAPI!$A:$A, 1, TRUE) = $E4, VLOOKUP($E4, SwaggerAPI!$A:$H, 2, TRUE), NA())) -> 11731608 | G4: =_xlfn.NUMBERVALUE(IF(VLOOKUP($E4, SwaggerAPI!$A:$A, 1, TRUE) = $E4, VLOOKUP($E4, SwaggerAPI!$A:$H, 3, TRUE), NA())) -> 9500002.8 | H4: =_xlfn.NUMBERVALUE(IF(VLOOKUP($E4, SwaggerAPI!$A:$A, 1, TRUE) = $E4, VLOOKUP($E4, SwaggerAPI!$A:$H, 4, TRUE), NA())) -> 117 | I4: =_xlfn.NUMBERVALUE(IF(VLOOKUP($E4, SwaggerAPI!$A:$A, 1, TRUE) = $E4, VLOOKUP($E4, SwaggerAPI!$A:$H, 5, TRUE), NA())) -> 1410 | J4: =_xlfn.NUMBERVALUE(IF(VLOOKUP($E4, SwaggerAPI!$A:$A, 1, TRUE) = $E4, VLOOKUP($E4, SwaggerAPI!$A:$H, 6, TRUE), NA())) -> 775 | K4: =_xlfn.NUMBERVALUE(IF(VLOOKUP($E4, SwaggerAPI!$A:$A, 1, TRUE) = $E4, VLOOKUP($E4, SwaggerAPI!$A:$H, 7, TRUE), NA())) -> 299 | L4: =IF(VLOOKUP($E4, SwaggerAPI!$A:$A, 1, TRUE) = $E4, VLOOKUP($E4, SwaggerAPI!$A:$H, 8, TRUE), NA()) -> 46305.562 | M4: =TEXT(L4+8/24, "yyyy-mm-dd hh:mm:ss") -> 2026-10-10 21:29:23
A5: PERFECT | B5: 5 | C5: PERIDOT | D5: ☘ | E5: =_xlfn.CONCAT(A5,"_",C5,"_GEM") -> PERFECT_PERIDOT_GEM | F5: =_xlfn.NUMBERVALUE(IF(VLOOKUP($E5, SwaggerAPI!$A:$A, 1, TRUE) = $E5, VLOOKUP($E5, SwaggerAPI!$A:$H, 2, TRUE), NA())) -> 21692983 | G5: =_xlfn.NUMBERVALUE(IF(VLOOKUP($E5, SwaggerAPI!$A:$A, 1, TRUE) = $E5, VLOOKUP($E5, SwaggerAPI!$A:$H, 3, TRUE), NA())) -> 20696279 | H5: =_xlfn.NUMBERVALUE(IF(VLOOKUP($E5, SwaggerAPI!$A:$A, 1, TRUE) = $E5, VLOOKUP($E5, SwaggerAPI!$A:$H, 4, TRUE), NA())) -> 289 | I5: =_xlfn.NUMBERVALUE(IF(VLOOKUP($E5, SwaggerAPI!$A:$A, 1, TRUE) = $E5, VLOOKUP($E5, SwaggerAPI!$A:$H, 5, TRUE), NA())) -> 1263 | J5: =_xlfn.NUMBERVALUE(IF(VLOOKUP($E5, SwaggerAPI!$A:$A, 1, TRUE) = $E5, VLOOKUP($E5, SwaggerAPI!$A:$H, 6, TRUE), NA())) -> 3714 | K5: =_xlfn.NUMBERVALUE(IF(VLOOKUP($E5, SwaggerAPI!$A:$A, 1, TRUE) = $E5, VLOOKUP($E5, SwaggerAPI!$A:$H, 7, TRUE), NA())) -> 1906 | L5: =IF(VLOOKUP($E5, SwaggerAPI!$A:$A, 1, TRUE) = $E5, VLOOKUP($E5, SwaggerAPI!$A:$H, 8, TRUE), NA()) -> 46305.562 | M5: =TEXT(L5+8/24, "yyyy-mm-dd hh:mm:ss") -> 2026-10-10 21:29:23
A6: PERFECT | B6: 5 | C6: OPAL | D6: ❂ | E6: =_xlfn.CONCAT(A6,"_",C6,"_GEM") -> PERFECT_OPAL_GEM | F6: =_xlfn.NUMBERVALUE(IF(VLOOKUP($E6, SwaggerAPI!$A:$A, 1, TRUE) = $E6, VLOOKUP($E6, SwaggerAPI!$A:$H, 2, TRUE), NA())) -> 13202096 | G6: =_xlfn.NUMBERVALUE(IF(VLOOKUP($E6, SwaggerAPI!$A:$A, 1, TRUE) = $E6, VLOOKUP($E6, SwaggerAPI!$A:$H, 3, TRUE), NA())) -> 10521029 | H6: =_xlfn.NUMBERVALUE(IF(VLOOKUP($E6, SwaggerAPI!$A:$A, 1, TRUE) = $E6, VLOOKUP($E6, SwaggerAPI!$A:$H, 4, TRUE), NA())) -> 159 | I6: =_xlfn.NUMBERVALUE(IF(VLOOKUP($E6, SwaggerAPI!$A:$A, 1, TRUE) = $E6, VLOOKUP($E6, SwaggerAPI!$A:$H, 5, TRUE), NA())) -> 2024 | J6: =_xlfn.NUMBERVALUE(IF(VLOOKUP($E6, SwaggerAPI!$A:$A, 1, TRUE) = $E6, VLOOKUP($E6, SwaggerAPI!$A:$H, 6, TRUE), NA())) -> 799 | K6: =_xlfn.NUMBERVALUE(IF(VLOOKUP($E6, SwaggerAPI!$A:$A, 1, TRUE) = $E6, VLOOKUP($E6, SwaggerAPI!$A:$H, 7, TRUE), NA())) -> 314 | L6: =IF(VLOOKUP($E6, SwaggerAPI!$A:$A, 1, TRUE) = $E6, VLOOKUP($E6, SwaggerAPI!$A:$H, 8, TRUE), NA()) -> 46305.562 | M6: =TEXT(L6+8/24, "yyyy-mm-dd hh:mm:ss") -> 2026-10-10 21:29:23
A7: PERFECT | B7: 5 | C7: ONYX | D7: ☠ | E7: =_xlfn.CONCAT(A7,"_",C7,"_GEM") -> PERFECT_ONYX_GEM | F7: =_xlfn.NUMBERVALUE(IF(VLOOKUP($E7, SwaggerAPI!$A:$A, 1, TRUE) = $E7, VLOOKUP($E7, SwaggerAPI!$A:$H, 2, TRUE), NA())) -> 17680651 | G7: =_xlfn.NUMBERVALUE(IF(VLOOKUP($E7, SwaggerAPI!$A:$A, 1, TRUE) = $E7, VLOOKUP($E7, SwaggerAPI!$A:$H, 3, TRUE), NA())) -> 15115964 | H7: =_xlfn.NUMBERVALUE(IF(VLOOKUP($E7, SwaggerAPI!$A:$A, 1, TRUE) = $E7, VLOOKUP($E7, SwaggerAPI!$A:$H, 4, TRUE), NA())) -> 493 | I7: =_xlfn.NUMBERVALUE(IF(VLOOKUP($E7, SwaggerAPI!$A:$A, 1, TRUE) = $E7, VLOOKUP($E7, SwaggerAPI!$A:$H, 5, TRUE), NA())) -> 425 | J7: =_xlfn.NUMBERVALUE(IF(VLOOKUP($E7, SwaggerAPI!$A:$A, 1, TRUE) = $E7, VLOOKUP($E7, SwaggerAPI!$A:$H, 6, TRUE), NA())) -> 2838 | K7: =_xlfn.NUMBERVALUE(IF(VLOOKUP($E7, SwaggerAPI!$A:$A, 1, TRUE) = $E7, VLOOKUP($E7, SwaggerAPI!$A:$H, 7, TRUE), NA())) -> 1416 | L7: =IF(VLOOKUP($E7, SwaggerAPI!$A:$A, 1, TRUE) = $E7, VLOOKUP($E7, SwaggerAPI!$A:$H, 8, TRUE), NA()) -> 46305.562 | M7: =TEXT(L7+8/24, "yyyy-mm-dd hh:mm:ss") -> 2026-10-10 21:29:23
A8: PERFECT | B8: 5 | C8: JASPER | D8: ❁ | E8: =_xlfn.CONCAT(A8,"_",C8,"_GEM") -> PERFECT_JASPER_GEM | F8: =_xlfn.NUMBERVALUE(IF(VLOOKUP($E8, SwaggerAPI!$A:$A, 1, TRUE) = $E8, VLOOKUP($E8, SwaggerAPI!$A:$H, 2, TRUE), NA())) -> 29406831 | G8: =_xlfn.NUMBERVALUE(IF(VLOOKUP($E8, SwaggerAPI!$A:$A, 1, TRUE) = $E8, VLOOKUP($E8, SwaggerAPI!$A:$H, 3, TRUE), NA())) -> 28168463 | H8: =_xlfn.NUMBERVALUE(IF(VLOOKUP($E8, SwaggerAPI!$A:$A, 1, TRUE) = $E8, VLOOKUP($E8, SwaggerAPI!$A:$H, 4, TRUE), NA())) -> 174 | I8: =_xlfn.NUMBERVALUE(IF(VLOOKUP($E8, SwaggerAPI!$A:$A, 1, TRUE) = $E8, VLOOKUP($E8, SwaggerAPI!$A:$H, 5, TRUE), NA())) -> 1650 | J8: =_xlfn.NUMBERVALUE(IF(VLOOKUP($E8, SwaggerAPI!$A:$A, 1, TRUE) = $E8, VLOOKUP($E8, SwaggerAPI!$A:$H, 6, TRUE), NA())) -> 2399 | K8: =_xlfn.NUMBERVALUE(IF(VLOOKUP($E8, SwaggerAPI!$A:$A, 1, TRUE) = $E8, VLOOKUP($E8, SwaggerAPI!$A:$H, 7, TRUE), NA())) -> 1182 | L8: =IF(VLOOKUP($E8, SwaggerAPI!$A:$A, 1, TRUE) = $E8, VLOOKUP($E8, SwaggerAPI!$A:$H, 8, TRUE), NA()) -> 46305.562 | M8: =TEXT(L8+8/24, "yyyy-mm-dd hh:mm:ss") -> 2026-10-10 21:29:23
A9: PERFECT | B9: 5 | C9: JADE | D9: ☘ | E9: =_xlfn.CONCAT(A9,"_",C9,"_GEM") -> PERFECT_JADE_GEM | F9: =_xlfn.NUMBERVALUE(IF(VLOOKUP($E9, SwaggerAPI!$A:$A, 1, TRUE) = $E9, VLOOKUP($E9, SwaggerAPI!$A:$H, 2, TRUE), NA())) -> 14999998 | G9: =_xlfn.NUMBERVALUE(IF(VLOOKUP($E9, SwaggerAPI!$A:$A, 1, TRUE) = $E9, VLOOKUP($E9, SwaggerAPI!$A:$H, 3, TRUE), NA())) -> 14022541 | H9: =_xlfn.NUMBERVALUE(IF(VLOOKUP($E9, SwaggerAPI!$A:$A, 1, TRUE) = $E9, VLOOKUP($E9, SwaggerAPI!$A:$H, 4, TRUE), NA())) -> 1130 | I9: =_xlfn.NUMBERVALUE(IF(VLOOKUP($E9, SwaggerAPI!$A:$A, 1, TRUE) = $E9, VLOOKUP($E9, SwaggerAPI!$A:$H, 5, TRUE), NA())) -> 3267 | J9: =_xlfn.NUMBERVALUE(IF(VLOOKUP($E9, SwaggerAPI!$A:$A, 1, TRUE) = $E9, VLOOKUP($E9, SwaggerAPI!$A:$H, 6, TRUE), NA())) -> 5362 | K9: =_xlfn.NUMBERVALUE(IF(VLOOKUP($E9, SwaggerAPI!$A:$A, 1, TRUE) = $E9, VLOOKUP($E9, SwaggerAPI!$A:$H, 7, TRUE), NA())) -> 2138 | L9: =IF(VLOOKUP($E9, SwaggerAPI!$A:$A, 1, TRUE) = $E9, VLOOKUP($E9, SwaggerAPI!$A:$H, 8, TRUE), NA()) -> 46305.562 | M9: =TEXT(L9+8/24, "yyyy-mm-dd hh:mm:ss") -> 2026-10-10 21:29:23
A10: PERFECT | B10: 5 | C10: CITRINE | D10: ☘ | E10: =_xlfn.CONCAT(A10,"_",C10,"_GEM") -> PERFECT_CITRINE_GEM | F10: =_xlfn.NUMBERVALUE(IF(VLOOKUP($E10, SwaggerAPI!$A:$A, 1, TRUE) = $E10, VLOOKUP($E10, SwaggerAPI!$A:$H, 2, TRUE), NA())) -> 13602082 | G10: =_xlfn.NUMBERVALUE(IF(VLOOKUP($E10, SwaggerAPI!$A:$A, 1, TRUE) = $E10, VLOOKUP($E10, SwaggerAPI!$A:$H, 3, TRUE), NA())) -> 11977927 | H10: =_xlfn.NUMBERVALUE(IF(VLOOKUP($E10, SwaggerAPI!$A:$A, 1, TRUE) = $E10, VLOOKUP($E10, SwaggerAPI!$A:$H, 4, TRUE), NA())) -> 894 | I10: =_xlfn.NUMBERVALUE(IF(VLOOKUP($E10, SwaggerAPI!$A:$A, 1, TRUE) = $E10, VLOOKUP($E10, SwaggerAPI!$A:$H, 5, TRUE), NA())) -> 1503 | J10: =_xlfn.NUMBERVALUE(IF(VLOOKUP($E10, SwaggerAPI!$A:$A, 1, TRUE) = $E10, VLOOKUP($E10, SwaggerAPI!$A:$H, 6, TRUE), NA())) -> 1711 | K10: =_xlfn.NUMBERVALUE(IF(VLOOKUP($E10, SwaggerAPI!$A:$A, 1, TRUE) = $E10, VLOOKUP($E10, SwaggerAPI!$A:$H, 7, TRUE), NA())) -> 643 | L10: =IF(VLOOKUP($E10, SwaggerAPI!$A:$A, 1, TRUE) = $E10, VLOOKUP($E10, SwaggerAPI!$A:$H, 8, TRUE), NA()) -> 46305.562 | M10: =TEXT(L10+8/24, "yyyy-mm-dd hh:mm:ss") -> 2026-10-10 21:29:23
A11: PERFECT | B11: 5 | C11: AQUAMARINE | D11: ☂ | E11: =_xlfn.CONCAT(A11,"_",C11,"_GEM") -> PERFECT_AQUAMARINE_GEM | F11: =_xlfn.NUMBERVALUE(IF(VLOOKUP($E11, SwaggerAPI!$A:$A, 1, TRUE) = $E11, VLOOKUP($E11, SwaggerAPI!$A:$H, 2, TRUE), NA())) -> 13525670 | G11: =_xlfn.NUMBERVALUE(IF(VLOOKUP($E11, SwaggerAPI!$A:$A, 1, TRUE) = $E11, VLOOKUP($E11, SwaggerAPI!$A:$H, 3, TRUE), NA())) -> 11546081 | H11: =_xlfn.NUMBERVALUE(IF(VLOOKUP($E11, SwaggerAPI!$A:$A, 1, TRUE) = $E11, VLOOKUP($E11, SwaggerAPI!$A:$H, 4, TRUE), NA())) -> 996 | I11: =_xlfn.NUMBERVALUE(IF(VLOOKUP($E11, SwaggerAPI!$A:$A, 1, TRUE) = $E11, VLOOKUP($E11, SwaggerAPI!$A:$H, 5, TRUE), NA())) -> 1051 | J11: =_xlfn.NUMBERVALUE(IF(VLOOKUP($E11, SwaggerAPI!$A:$A, 1, TRUE) = $E11, VLOOKUP($E11, SwaggerAPI!$A:$H, 6, TRUE), NA())) -> 2755 | K11: =_xlfn.NUMBERVALUE(IF(VLOOKUP($E11, SwaggerAPI!$A:$A, 1, TRUE) = $E11, VLOOKUP($E11, SwaggerAPI!$A:$H, 7, TRUE), NA())) -> 664 | L11: =IF(VLOOKUP($E11, SwaggerAPI!$A:$A, 1, TRUE) = $E11, VLOOKUP($E11, SwaggerAPI!$A:$H, 8, TRUE), NA()) -> 46305.562 | M11: =TEXT(L11+8/24, "yyyy-mm-dd hh:mm:ss") -> 2026-10-10 21:29:23
A12: PERFECT | B12: 5 | C12: AMETHYST | D12: ❈ | E12: =_xlfn.CONCAT(A12,"_",C12,"_GEM") -> PERFECT_AMETHYST_GEM | F12: =_xlfn.NUMBERVALUE(IF(VLOOKUP($E12, SwaggerAPI!$A:$A, 1, TRUE) = $E12, VLOOKUP($E12, SwaggerAPI!$A:$H, 2, TRUE), NA())) -> 13400290 | G12: =_xlfn.NUMBERVALUE(IF(VLOOKUP($E12, SwaggerAPI!$A:$A, 1, TRUE) = $E12, VLOOKUP($E12, SwaggerAPI!$A:$H, 3, TRUE), NA())) -> 12458500 | H12: =_xlfn.NUMBERVALUE(IF(VLOOKUP($E12, SwaggerAPI!$A:$A, 1, TRUE) = $E12, VLOOKUP($E12, SwaggerAPI!$A:$H, 4, TRUE), NA())) -> 1549 | I12: =_xlfn.NUMBERVALUE(IF(VLOOKUP($E12, SwaggerAPI!$A:$A, 1, TRUE) = $E12, VLOOKUP($E12, SwaggerAPI!$A:$H, 5, TRUE), NA())) -> 292 | J12: =_xlfn.NUMBERVALUE(IF(VLOOKUP($E12, SwaggerAPI!$A:$A, 1, TRUE) = $E12, VLOOKUP($E12, SwaggerAPI!$A:$H, 6, TRUE), NA())) -> 1163 | K12: =_xlfn.NUMBERVALUE(IF(VLOOKUP($E12, SwaggerAPI!$A:$A, 1, TRUE) = $E12, VLOOKUP($E12, SwaggerAPI!$A:$H, 7, TRUE), NA())) -> 394 | L12: =IF(VLOOKUP($E12, SwaggerAPI!$A:$A, 1, TRUE) = $E12, VLOOKUP($E12, SwaggerAPI!$A:$H, 8, TRUE), NA()) -> 46305.562 | M12: =TEXT(L12+8/24, "yyyy-mm-dd hh:mm:ss") -> 2026-10-10 21:29:23
A13: PERFECT | B13: 5 | C13: AMBER | D13: ⸕ | E13: =_xlfn.CONCAT(A13,"_",C13,"_GEM") -> PERFECT_AMBER_GEM | F13: =_xlfn.NUMBERVALUE(IF(VLOOKUP($E13, SwaggerAPI!$A:$A, 1, TRUE) = $E13, VLOOKUP($E13, SwaggerAPI!$A:$H, 2, TRUE), NA())) -> 15151235 | G13: =_xlfn.NUMBERVALUE(IF(VLOOKUP($E13, SwaggerAPI!$A:$A, 1, TRUE) = $E13, VLOOKUP($E13, SwaggerAPI!$A:$H, 3, TRUE), NA())) -> 14099511 | H13: =_xlfn.NUMBERVALUE(IF(VLOOKUP($E13, SwaggerAPI!$A:$A, 1, TRUE) = $E13, VLOOKUP($E13, SwaggerAPI!$A:$H, 4, TRUE), NA())) -> 2563 | I13: =_xlfn.NUMBERVALUE(IF(VLOOKUP($E13, SwaggerAPI!$A:$A, 1, TRUE) = $E13, VLOOKUP($E13, SwaggerAPI!$A:$H, 5, TRUE), NA())) -> 3750 | J13: =_xlfn.NUMBERVALUE(IF(VLOOKUP($E13, SwaggerAPI!$A:$A, 1, TRUE) = $E13, VLOOKUP($E13, SwaggerAPI!$A:$H, 6, TRUE), NA())) -> 5944 | K13: =_xlfn.NUMBERVALUE(IF(VLOOKUP($E13, SwaggerAPI!$A:$A, 1, TRUE) = $E13, VLOOKUP($E13, SwaggerAPI!$A:$H, 7, TRUE), NA())) -> 1952 | L13: =IF(VLOOKUP($E13, SwaggerAPI!$A:$A, 1, TRUE) = $E13, VLOOKUP($E13, SwaggerAPI!$A:$H, 8, TRUE), NA()) -> 46305.562 | M13: =TEXT(L13+8/24, "yyyy-mm-dd hh:mm:ss") -> 2026-10-10 21:29:23
... A61: ROUGH | B61: 1 | C61: AMBER | D61: ⸕ | E61: =_xlfn.CONCAT(A61,"_",C61,"_GEM") -> ROUGH_AMBER_GEM | F61: =_xlfn.NUMBERVALUE(IF(VLOOKUP($E61, SwaggerAPI!$A:$A, 1, TRUE) = $E61, VLOOKUP($E61, SwaggerAPI!$A:$H, 2, TRUE), NA())) -> 4.9461 | G61: =_xlfn.NUMBERVALUE(IF(VLOOKUP($E61, SwaggerAPI!$A:$A, 1, TRUE) = $E61, VLOOKUP($E61, SwaggerAPI!$A:$H, 3, TRUE), NA())) -> 2.5 | H61: =_xlfn.NUMBERVALUE(IF(VLOOKUP($E61, SwaggerAPI!$A:$A, 1, TRUE) = $E61, VLOOKUP($E61, SwaggerAPI!$A:$H, 4, TRUE), NA())) -> 12304305 | I61: =_xlfn.NUMBERVALUE(IF(VLOOKUP($E61, SwaggerAPI!$A:$A, 1, TRUE) = $E61, VLOOKUP($E61, SwaggerAPI!$A:$H, 5, TRUE), NA())) -> 2746401 | J61: =_xlfn.NUMBERVALUE(IF(VLOOKUP($E61, SwaggerAPI!$A:$A, 1, TRUE) = $E61, VLOOKUP($E61, SwaggerAPI!$A:$H, 6, TRUE), NA())) -> 187024 | K61: =_xlfn.NUMBERVALUE(IF(VLOOKUP($E61, SwaggerAPI!$A:$A, 1, TRUE) = $E61, VLOOKUP($E61, SwaggerAPI!$A:$H, 7, TRUE), NA())) -> 156077326 | L61: =IF(VLOOKUP($E61, SwaggerAPI!$A:$A, 1, TRUE) = $E61, VLOOKUP($E61, SwaggerAPI!$A:$H, 8, TRUE), NA()) -> 46305.562 | M61: =TEXT(L61+8/24, "yyyy-mm-dd hh:mm:ss") -> 2026-10-10 21:29:23
A62: JUNGLE_KEY | E62: JUNGLE_KEY | F62: =_xlfn.NUMBERVALUE(IF(VLOOKUP($E62, SwaggerAPI!$A:$A, 1, TRUE) = $E62, VLOOKUP($E62, SwaggerAPI!$A:$H, 2, TRUE), NA())) -> 250299.21 | G62: =_xlfn.NUMBERVALUE(IF(VLOOKUP($E62, SwaggerAPI!$A:$A, 1, TRUE) = $E62, VLOOKUP($E62, SwaggerAPI!$A:$H, 3, TRUE), NA())) -> 225374.51 | H62: =_xlfn.NUMBERVALUE(IF(VLOOKUP($E62, SwaggerAPI!$A:$A, 1, TRUE) = $E62, VLOOKUP($E62, SwaggerAPI!$A:$H, 4, TRUE), NA())) -> 6932 | I62: =_xlfn.NUMBERVALUE(IF(VLOOKUP($E62, SwaggerAPI!$A:$A, 1, TRUE) = $E62, VLOOKUP($E62, SwaggerAPI!$A:$H, 5, TRUE), NA())) -> 3773 | J62: =_xlfn.NUMBERVALUE(IF(VLOOKUP($E62, SwaggerAPI!$A:$A, 1, TRUE) = $E62, VLOOKUP($E62, SwaggerAPI!$A:$H, 6, TRUE), NA())) -> 51271 | K62: =_xlfn.NUMBERVALUE(IF(VLOOKUP($E62, SwaggerAPI!$A:$A, 1, TRUE) = $E62, VLOOKUP($E62, SwaggerAPI!$A:$H, 7, TRUE), NA())) -> 35441 | L62: =IF(VLOOKUP($E62, SwaggerAPI!$A:$A, 1, TRUE) = $E62, VLOOKUP($E62, SwaggerAPI!$A:$H, 8, TRUE), NA()) -> 46305.562 | M62: =TEXT(L62+8/24, "yyyy-mm-dd hh:mm:ss") -> 2026-10-10 21:29:23 | N62: =AVERAGE(F62:G62) -> 237836.86
A63: PRECURSOR_APPARATUS | E63: PRECURSOR_APPARATUS | F63: =_xlfn.NUMBERVALUE(IF(VLOOKUP($E63, SwaggerAPI!$A:$A, 1, TRUE) = $E63, VLOOKUP($E63, SwaggerAPI!$A:$H, 2, TRUE), NA())) -> 949992.85 | G63: =_xlfn.NUMBERVALUE(IF(VLOOKUP($E63, SwaggerAPI!$A:$A, 1, TRUE) = $E63, VLOOKUP($E63, SwaggerAPI!$A:$H, 3, TRUE), NA())) -> 900141.25 | H63: =_xlfn.NUMBERVALUE(IF(VLOOKUP($E63, SwaggerAPI!$A:$A, 1, TRUE) = $E63, VLOOKUP($E63, SwaggerAPI!$A:$H, 4, TRUE), NA())) -> 4507 | I63: =_xlfn.NUMBERVALUE(IF(VLOOKUP($E63, SwaggerAPI!$A:$A, 1, TRUE) = $E63, VLOOKUP($E63, SwaggerAPI!$A:$H, 5, TRUE), NA())) -> 2314 | J63: =_xlfn.NUMBERVALUE(IF(VLOOKUP($E63, SwaggerAPI!$A:$A, 1, TRUE) = $E63, VLOOKUP($E63, SwaggerAPI!$A:$H, 6, TRUE), NA())) -> 54846 | K63: =_xlfn.NUMBERVALUE(IF(VLOOKUP($E63, SwaggerAPI!$A:$A, 1, TRUE) = $E63, VLOOKUP($E63, SwaggerAPI!$A:$H, 7, TRUE), NA())) -> 22831 | L63: =IF(VLOOKUP($E63, SwaggerAPI!$A:$A, 1, TRUE) = $E63, VLOOKUP($E63, SwaggerAPI!$A:$H, 8, TRUE), NA()) -> 46305.562 | M63: =TEXT(L63+8/24, "yyyy-mm-dd hh:mm:ss") -> 2026-10-10 21:29:23 | N63: =AVERAGE(F63:G63) -> 925067.05

Sheet SwaggerAPI
A1: item_id | B1: buyPrice | C1: sellPrice | D1: buyVolume | E1: sellVolume | F1: buyMovingWeek | G1: sellMovingWeek | H1: APITime
A2: FINE_AMBER_GEM | B2: 29404.37 | C2: 26446.101 | D2: 79207 | E2: 44571 | F2: 243496 | G2: 514552 | H2: 46305.562
A3: FINE_AMETHYST_GEM | B3: 31928.499 | C3: 29753.161 | D3: 185253 | E3: 34359 | F3: 259453 | G3: 339099 | H3: 46305.562
A4: FINE_AQUAMARINE_GEM | B4: 25694.585 | C4: 24806.6 | D4: 86769 | E4: 306170 | F4: 132555 | G4: 448496 | H4: 46305.562
A5: FINE_CITRINE_GEM | B5: 29228.19 | C5: 24786.475 | D5: 71882 | E5: 227745 | F5: 247894 | G5: 438535 | H5: 46305.562
A6: FINE_JADE_GEM | B6: 29556.482 | C6: 26248.423 | D6: 123785 | E6: 20484 | F6: 337005 | G6: 405030 | H6: 46305.562
A7: FINE_JASPER_GEM | B7: 63466.538 | C7: 59345.965 | D7: 192660 | E7: 58944 | F7: 201106 | G7: 310913 | H7: 46305.562
A8: FINE_ONYX_GEM | B8: 25667.982 | C8: 24462.26 | D8: 206992 | E8: 745632 | F8: 88699 | G8: 435729 | H8: 46305.562
A9: FINE_OPAL_GEM | B9: 28059.746 | C9: 22507 | D9: 16612 | E9: 4978 | F9: 44279 | G9: 40130 | H9: 46305.562
A10: FINE_PERIDOT_GEM | B10: 32671.934 | C10: 29417.646 | D10: 319440 | E10: 46494 | F10: 539790 | G10: 582650 | H10: 46305.562
A11: FINE_RUBY_GEM | B11: 25651.275 | C11: 20886.542 | D11: 87880 | E11: 385399 | F11: 257440 | G11: 356331 | H11: 46305.562
A12: FINE_SAPPHIRE_GEM | B12: 29134.108 | C12: 27725.148 | D12: 209388 | E12: 63583 | F12: 313939 | G12: 638384 | H12: 46305.562
A13: FINE_TOPAZ_GEM | B13: 30607.45 | C13: 29500.069 | D13: 192351 | E13: 333628 | F13: 117621 | G13: 596289 | H13: 46305.562
... A63: ROUGH_TOPAZ_GEM | B63: 5.6340714 | C63: 1 | D63: 14150932 | E63: 1999182 | F63: 1232977 | G63: 285226788 | H63: 46305.562
